Site,Date,Secchi,LarvalFishDensity,IntegratedSamplingDepth,Chlorophyll_a,SuspendedSolids,NonvolatileSuspendedSolids,ParticulateC,ParticulateN,ParticulateP,TotalNitrogen,TotalPhosphorus,ZooplanktonDepth,TotalZooplankton
Acton Lake,1992-06-03,0.78,NA,NA,38.75,NA,NA,4787,683,42.44,NA,NA,NA,NA
Acton Lake,1992-06-10,0.8,NA,NA,37.01,NA,NA,3361,591,47.81,NA,NA,NA,NA
Acton Lake,1992-06-17,0.85,NA,NA,33.07,NA,NA,3431,585,47.13,NA,NA,NA,NA
Acton Lake,1992-06-26,0.85,NA,NA,55.52,NA,NA,3470,616,46.71,NA,NA,NA,NA
Acton Lake,1992-07-01,0.75,NA,NA,53.17,NA,NA,3581,647,48.43,NA,NA,NA,NA
Acton Lake,1992-07-10,0.75,NA,NA,65.76,NA,NA,4871,827,49.81,NA,NA,NA,NA
Acton Lake,1992-07-17,0.9,NA,NA,44.89,NA,NA,2880,563,53.29,NA,NA,NA,NA
Acton Lake,1992-07-24,0.75,NA,NA,55.91,NA,NA,3309,634,63.75,NA,NA,NA,NA
Acton Lake,1992-07-30,0.55,NA,NA,NA,NA,NA,NA,NA,NA,NA,NA,NA,NA
Acton Lake,1992-07-31,NA,NA,NA,81.54,NA,NA,4525,817,53.98,NA,NA,NA,NA
Acton Lake,1992-08-07,0.85,NA,NA,30.32,NA,NA,3030,471,42.87,NA,NA,NA,NA
Acton Lake,1992-08-13,0.95,NA,NA,29.13,NA,NA,2995,458,43.94,NA,NA,NA,NA
Acton Lake,1992-08-20,NA,NA,NA,39.77,NA,NA,NA,NA,NA,NA,NA,NA,NA
Acton Lake,1992-08-21,0.85,NA,NA,NA,NA,NA,3527,579,45.46,NA,NA,NA,NA
Acton Lake,1992-08-28,0.75,NA,NA,50.02,NA,NA,3149,513,49.03,NA,NA,NA,NA
Acton Lake,1992-09-10,0.75,NA,NA,71.69,NA,NA,4000,729,55.09,NA,NA,NA,NA
Acton Lake,1992-10-21,0.75,NA,NA,50.8,NA,NA,3958,654,57.31,NA,NA,NA,NA
Acton Lake,1993-04-15,0.55,NA,NA,15.2,NA,NA,1035,118,56.3,NA,153.14,NA,NA
Acton Lake,1993-04-23,0.58,NA,NA,9.85,NA,NA,1423,146,37.4,NA,93.05,NA,NA
Acton Lake,1993-04-30,0.62,NA,NA,8.8,NA,NA,1051,115,33.8,NA,179.33,NA,NA
Acton Lake,1993-05-07,0.95,NA,NA,51.95,NA,NA,2682,313,44.2,NA,56.08,NA,NA
Acton Lake,1993-05-13,0.9,NA,NA,34.75,NA,NA,2761,354,51.9,NA,74.56,NA,NA
Acton Lake,1993-05-18,0.75,NA,NA,72.08,NA,NA,3958,472,74.4,NA,85.35,NA,NA
Acton Lake,1993-05-25,0.85,NA,NA,29.41,NA,NA,2437,311,51.3,NA,99.22,NA,NA
Acton Lake,1993-06-01,0.75,NA,NA,36.04,NA,NA,4037,481,65.2,NA,NA,NA,NA
Acton Lake,1993-06-07,0.75,NA,NA,28.19,NA,NA,2860,379,60.6,NA,NA,NA,NA
Acton Lake,1993-06-21,0.72,NA,NA,41.95,NA,NA,3524,459,59.2,NA,NA,NA,NA
Acton Lake,1993-07-06,0.8,NA,NA,33.94,NA,NA,3975,526,61.6,NA,NA,NA,NA
Acton Lake,1993-07-12,1.25,NA,NA,31.71,NA,NA,3087,387,44.3,NA,NA,NA,NA
Acton Lake,1993-07-19,0.8,NA,NA,44.95,NA,NA,4454,554,58.7,NA,NA,NA,NA
Acton Lake,1993-07-26,0.75,NA,NA,60.49,NA,NA,5183,683,57.1,NA,NA,NA,NA
Acton Lake,1993-08-09,0.8,NA,NA,39.12,NA,NA,4255,530,45.5,NA,NA,NA,NA
Acton Lake,1993-08-16,0.65,NA,NA,63.44,NA,NA,4649,693,65.3,NA,NA,NA,NA
Acton Lake,1993-08-23,0.6,NA,NA,61.83,NA,NA,4831,702,55.6,NA,NA,NA,NA
Acton Lake,1993-09-02,0.65,NA,NA,53.37,NA,NA,4200,603,62.9,NA,NA,NA,NA
Acton Lake,1993-09-23,0.85,NA,NA,38.72,NA,NA,3100,403,69.6,NA,NA,NA,NA
Acton Lake,1993-10-07,0.6,NA,NA,39.36,NA,NA,3248,438,59.2,NA,NA,NA,NA
Acton Lake,1993-10-22,0.75,NA,NA,33.9,NA,NA,2731,346,66.8,NA,NA,NA,NA
Acton Lake,1994-04-25,0.9,NA,NA,18.73,NA,NA,1551,241,49.34,NA,NA,NA,0.8519
Acton Lake,1994-05-02,0.65,NA,NA,44.27,NA,NA,2998,439,89.48,7583.47,86.89,NA,NA
Acton Lake,1994-05-09,0.65,NA,NA,38.14,NA,NA,3543,595,79.53,7692.38,82.79,NA,7.427
Acton Lake,1994-05-16,0.78,NA,NA,42.18,14.47,6.36,2915,452,53.97,6840.12,70.51,NA,5.525
Acton Lake,1994-05-23,0.75,NA,NA,16.11,14.97,11.75,3737,516,43.8,6329.56,51.05,NA,12.05
Acton Lake,1994-05-31,0.75,NA,NA,21.5,17.91,12.99,2478,437,60.42,5453.38,68.46,NA,29.08
Acton Lake,1994-06-06,0.85,NA,NA,37.22,14.27,6.96,3776,682,88.35,5739.32,78.7,NA,67.36
Acton Lake,1994-06-13,0.65,NA,NA,33.8,24.27,8.28,4131,717,86.54,4809.99,80.74,NA,81.53
Acton Lake,1994-06-20,0.75,NA,NA,34.55,18.32,8.05,4500,753,69.02,4285.03,75.62,NA,22.37
Acton Lake,1994-06-27,0.9,NA,NA,27.61,11.17,9.79,2514,450,72.3,3386.19,84.84,NA,101.2
Acton Lake,1994-07-05,0.65,NA,NA,46.85,23.52,5.53,3675,577,56.24,3464.5,49.01,NA,85.22
Acton Lake,1994-07-11,0.55,NA,NA,51.53,8.42,2.31,4879,904,82.47,3308.55,74.6,NA,13.87
Acton Lake,1994-07-16,NA,NA,NA,NA,NA,NA,NA,NA,NA,NA,NA,NA,17.98
Acton Lake,1994-07-17,0.55,NA,NA,40.16,NA,NA,5058,810,64.6,2361.2,66.41,NA,NA
Acton Lake,1994-07-18,NA,NA,NA,NA,14.77,NA,NA,NA,NA,NA,NA,NA,NA
Acton Lake,1994-07-25,0.65,NA,NA,59.74,15.07,3.4,5315,990,98.87,2499.47,103.27,NA,25.46
Acton Lake,1994-08-01,0.55,NA,NA,41.4,15.07,4.9,5320,891,83.6,1835.34,84.84,NA,NA
Acton Lake,1994-08-08,0.7,NA,NA,50.5,13.07,NA,4346,779,94.8,1795.53,101.22,NA,23.96
Acton Lake,1994-08-15,0.6,NA,NA,44.87,11.07,9.35,5282,1036,122.51,1795.53,94.05,NA,NA
Acton Lake,1994-08-24,0.72,NA,NA,41.97,13.07,8.36,3665,698,87,1480.77,89.96,NA,28.9
Acton Lake,1994-08-31,0.65,NA,NA,76.58,10.57,7.37,4020,796,94.12,1362.74,89.96,NA,NA
Acton Lake,1994-09-07,0.65,NA,NA,39.97,13.07,2.4,4743,843,135.96,1834.88,126.81,NA,54.13
Acton Lake,1994-09-14,0.68,NA,NA,57.86,15.07,4.86,5774,1020,104.07,1598.81,107.36,NA,NA
Acton Lake,1994-09-18,0.75,NA,NA,NA,NA,NA,NA,NA,NA,NA,NA,NA,NA
Acton Lake,1994-09-21,0.75,NA,NA,24.79,17.57,6.35,3667,623,83.38,1205.36,89.96,NA,NA
Acton Lake,1994-09-24,NA,NA,NA,NA,NA,NA,NA,NA,NA,NA,NA,NA,34.13
Acton Lake,1994-10-05,0.55,NA,NA,55.9,18.59,8.36,5928,1027,131.78,1641.4,105.07,NA,10.03
Acton Lake,1994-10-20,0.78,NA,NA,35.98,NA,NA,3349,577,79.42,1441.43,80.74,NA,34.31
Acton Lake,1994-10-25,0.75,NA,NA,NA,NA,NA,NA,NA,NA,NA,NA,NA,NA
Acton Lake,1994-11-16,0.82,NA,NA,18.15,12.34,6.62,2225,355,71.05,1638.15,80.74,NA,14.43
Acton Lake,1994-12-07,0.91,NA,NA,31.61,8.34,4.87,NA,NA,40.4,1598.81,60.27,NA,4.407
Acton Lake,1995-01-16,0.95,NA,NA,26.81,NA,NA,NA,NA,NA,1661.58,52.36,NA,21.12
Acton Lake,1995-02-06,NA,NA,NA,NA,NA,NA,NA,NA,NA,NA,177.16,NA,NA
Acton Lake,1995-03-20,NA,NA,NA,12.99,9.38,9.11,NA,NA,NA,8979.58,76.52,NA,31.53
Acton Lake,1995-05-01,0.63,NA,NA,44.49,28.37,19.41,6264,1088,123.012,8979.58,111.65,NA,523.8
Acton Lake,1995-05-05,NA,NA,NA,NA,NA,NA,NA,NA,NA,NA,NA,NA,762.9
Acton Lake,1995-05-08,0.75,NA,NA,NA,18.13,NA,4680,684,68.87,8684.52,68.83,NA,NA
Acton Lake,1995-05-15,0.55,NA,NA,90.86,23.88,8.57,7180,1167,139.907,7832.18,143.5,NA,79.17
Acton Lake,1995-05-20,0.1,NA,NA,NA,57.62,43.65,3154,440,117.38,6154.38,241.23,NA,NA
Acton Lake,1995-05-30,0.55,NA,NA,22.01,12.87,11.82,2064,336,55.17,8831.36,122.64,NA,50.52
Acton Lake,1995-06-05,0.65,NA,NA,NA,7.12,3.54,4519,650,55.559,8089.47,72.98,NA,NA
Acton Lake,1995-06-06,NA,NA,NA,NA,NA,NA,NA,NA,NA,NA,NA,NA,396.9
Acton Lake,1995-06-12,0.55,NA,NA,36.89,6.62,7.59,4335,791,68.87,8227.49,67.62,NA,NA
Acton Lake,1995-06-19,0.6,NA,NA,47,15.12,2.33,4508,744,51.719,7686.62,61.2,NA,548.4
Acton Lake,1995-06-26,NA,NA,NA,NA,12.37,9.31,2664,440,35.208,NA,NA,NA,258.5
Acton Lake,1995-06-28,0.55,NA,NA,24.71,NA,NA,NA,NA,NA,7175.67,55.84,NA,NA
Acton Lake,1995-07-10,NA,NA,NA,25.03,10.87,3.07,2968,442,25.864,NA,50.44,NA,189.8
Acton Lake,1995-07-17,0.68,NA,NA,28.96,8.62,NA,3495,501,NA,5622.98,38.71,NA,NA
Acton Lake,1995-07-27,0.65,NA,NA,37.38,14.62,2.63,4337,599,NA,4509.37,50.49,NA,156.3
Acton Lake,1995-08-10,0.55,NA,NA,74.07,21.62,9.59,5837,1052,NA,3761.93,96.54,NA,55.96
Acton Lake,1995-08-14,0.51,NA,NA,67.86,16.37,1.84,2894,479,NA,NA,93.88,NA,NA
Acton Lake,1995-08-21,0.45,NA,NA,70.96,16.37,1.33,6540,1023,NA,NA,79.4,NA,101
Acton Lake,1995-08-23,NA,NA,NA,78.67,NA,NA,NA,NA,NA,NA,NA,NA,NA
Acton Lake,1995-08-28,0.5,NA,NA,62.16,19.62,3.32,8230,1230,NA,NA,67.82,NA,134.9
Acton Lake,1995-09-05,0.45,NA,NA,61.55,18.87,3.88,6166,1003,NA,NA,90.99,NA,66.09
Acton Lake,1995-09-18,0.5,NA,NA,55.03,12.87,1.81,5084,996,NA,NA,88.09,NA,NA
Acton Lake,1995-09-25,0.7,NA,NA,13.82,11.62,5.06,2339,340,NA,NA,151.81,NA,NA
Acton Lake,1995-10-09,0.65,NA,NA,16.86,11.12,6.07,1829,273,NA,NA,119.95,NA,75.34
Acton Lake,1995-10-24,0.61,NA,NA,35.32,19.37,NA,2993,501,NA,NA,125.74,NA,NA
Acton Lake,1996-02-06,NA,NA,NA,1.13,NA,NA,NA,NA,NA,NA,NA,NA,NA
Acton Lake,1996-04-24,0.55,NA,NA,12.52,14.11,11.94,2210,291,54.94,10572.57,151.33,NA,NA
Acton Lake,1996-04-27,NA,0,NA,NA,NA,NA,NA,NA,NA,NA,NA,NA,8.548
Acton Lake,1996-05-02,NA,NA,NA,NA,NA,NA,NA,NA,NA,6458.2,119.18,NA,NA
Acton Lake,1996-05-06,NA,0,NA,NA,NA,NA,NA,NA,NA,NA,NA,NA,4.647
Acton Lake,1996-05-07,0.11,NA,NA,1.82,110.11,92.44,4386,456,145.48,6026.14,302.46,NA,NA
Acton Lake,1996-05-13,NA,0,NA,NA,NA,NA,NA,NA,NA,NA,NA,NA,5.322
Acton Lake,1996-05-14,0.13,NA,NA,1.35,61.36,48.44,2428,236,76.36,7586.23,247.5,NA,NA
Acton Lake,1996-05-20,NA,0,NA,NA,NA,NA,NA,NA,NA,NA,NA,NA,20.23
Acton Lake,1996-05-21,0.55,NA,NA,14.71,14.61,4.94,1684,242,46.41,8782.66,119.7,NA,NA
Acton Lake,1996-05-27,NA,0.46,NA,NA,NA,NA,NA,NA,NA,NA,NA,NA,59.94
Acton Lake,1996-05-28,0.47,NA,NA,30.5,25.61,12.94,3100,468,66.8,8056.59,77.1,NA,NA
Acton Lake,1996-06-03,NA,0.6,NA,NA,NA,NA,NA,NA,NA,NA,NA,NA,106.4
Acton Lake,1996-06-04,0.72,NA,NA,24.43,18.61,12.44,2237,289,59.82,9280.38,110.08,NA,NA
Acton Lake,1996-06-10,NA,0.87,NA,NA,NA,NA,NA,NA,NA,NA,NA,NA,32.45
Acton Lake,1996-06-11,0.2,NA,NA,5.97,31.36,24.44,1435,157,59.4,10973.57,178.79,NA,NA
Acton Lake,1996-06-17,NA,0.27,NA,NA,NA,NA,NA,NA,NA,NA,NA,NA,1140
Acton Lake,1996-06-18,0.65,NA,NA,63.67,12.36,2.94,3428,674,21.7,10177.73,92.22,NA,NA
Acton Lake,1996-06-25,NA,0.48,NA,NA,NA,NA,NA,NA,NA,NA,NA,NA,159.5
Acton Lake,1996-06-26,0.75,NA,NA,48.51,11.61,1.19,3268,561,20.46,9280.38,57.86,NA,NA
Acton Lake,1996-07-01,NA,0.41,NA,NA,NA,NA,NA,NA,NA,NA,NA,NA,520.9
Acton Lake,1996-07-02,1.35,NA,NA,15.93,9.41,3.12,1486,183,13.55,8906.06,46.87,NA,NA
Acton Lake,1996-07-08,NA,0.27,NA,NA,NA,NA,NA,NA,NA,NA,NA,NA,438.6
Acton Lake,1996-07-09,1.1,NA,NA,14.14,10.11,3.18,1576,184,13.23,8295.88,98.01,NA,NA
Acton Lake,1996-07-15,NA,0.27,NA,NA,NA,NA,NA,NA,NA,NA,NA,NA,560.8
Acton Lake,1996-07-16,0.85,NA,NA,20.2,12.61,3.19,2683,272,15.29,7702.79,56.49,NA,NA
Acton Lake,1996-07-19,NA,NA,NA,17.83,11.11,3.19,2171,261,15.31,7126.81,50.99,NA,NA
Acton Lake,1996-07-20,NA,NA,NA,17.77,11.61,4.44,2051,253,16.43,6789.43,67.48,NA,NA
Acton Lake,1996-07-22,NA,0.28,NA,8.86,21.86,13.69,1879,227,42.29,7240.64,59.24,NA,114.8
Acton Lake,1996-07-23,0.95,NA,NA,11.67,7.86,0.44,1278,162,32.14,7355.15,15.26,NA,NA
Acton Lake,1996-07-24,NA,NA,NA,16.39,7.11,0.69,1951,298,28.06,7240.64,49.62,NA,NA
Acton Lake,1996-07-25,NA,NA,NA,28.9,6.86,NA,1376,183,29.18,6901.2,35.88,NA,NA
Acton Lake,1996-07-29,NA,0,NA,NA,NA,NA,NA,NA,NA,NA,NA,NA,201.1
Acton Lake,1996-07-30,1.09,NA,NA,13.11,7.86,NA,1478,215,25.63,6789.43,40,NA,NA
Acton Lake,1996-08-06,1.1,NA,NA,13.98,6.61,3.44,1460,217,25.1,6026.14,52.37,NA,NA
Acton Lake,1996-08-11,NA,0,NA,NA,NA,NA,NA,NA,NA,NA,NA,NA,42.83
Acton Lake,1996-08-12,0.77,NA,NA,14.35,8.86,4.94,1210,157,33.74,4503.38,60.61,NA,NA
Acton Lake,1996-08-16,NA,NA,NA,19.46,NA,NA,NA,NA,NA,NA,NA,NA,NA
Acton Lake,1996-08-19,NA,0,NA,NA,NA,NA,NA,NA,NA,NA,NA,NA,130.2
Acton Lake,1996-08-20,0.89,NA,NA,12.81,NA,NA,NA,NA,NA,4795.62,52.37,NA,NA
Acton Lake,1996-08-22,NA,NA,NA,30.37,NA,NA,NA,NA,NA,NA,NA,NA,NA
Acton Lake,1996-08-26,0.75,NA,NA,25.68,NA,NA,NA,NA,27.15,NA,117.14,NA,NA
Acton Lake,1996-09-02,0.95,NA,NA,18.54,6.36,2.19,2916,338,35.67,4311.98,53.74,NA,NA
Acton Lake,1996-09-09,0.8,0,NA,32.97,8.11,2.19,2282,390,43.65,2879.23,63.36,NA,42.56
Acton Lake,1996-09-15,NA,0,NA,NA,NA,NA,NA,NA,NA,NA,NA,NA,75.3
Acton Lake,1996-09-16,0.7,NA,NA,25.2,12.11,6.19,2219,372,49.66,2879.23,64.73,NA,NA
Acton Lake,1996-09-23,NA,NA,NA,NA,NA,NA,2121,320,44.54,2072.68,83.97,NA,NA
Acton Lake,1996-09-24,0.69,NA,NA,25.74,12.61,6.19,NA,NA,NA,NA,144.32,NA,NA
Acton Lake,1996-09-30,NA,NA,NA,27.83,11.61,5.69,2529,437,54.22,NA,NA,NA,NA
Acton Lake,1996-10-01,0.6,NA,NA,23.8,NA,NA,NA,NA,NA,2467.4,66.11,NA,NA
Acton Lake,1996-10-14,NA,NA,NA,41.06,NA,NA,NA,NA,NA,NA,NA,NA,NA
Acton Lake,1996-10-15,0.41,NA,NA,53.79,13.36,4.44,3003,511,65.24,2072.68,101.84,NA,NA
Acton Lake,1996-11-03,NA,0,NA,NA,NA,NA,NA,NA,NA,NA,NA,NA,24.37
Acton Lake,1996-11-04,0.61,NA,NA,29.97,11.11,7.19,1962,327,51.74,1476.68,115.85,NA,NA
Acton Lake,1997-04-20,0.65,NA,NA,NA,NA,NA,NA,NA,NA,NA,NA,NA,NA
Acton Lake,1997-05-02,0.54,NA,NA,23.44,17.36,12.19,2551,415,69.25,NA,NA,NA,NA
Acton Lake,1997-05-12,NA,NA,NA,NA,NA,NA,NA,NA,NA,NA,148.09,NA,NA
Acton Lake,1997-05-13,0.48,NA,NA,70.87,28.36,12.94,7205,1191,115.97,NA,NA,NA,NA
Acton Lake,1997-05-19,0.5,NA,NA,74.48,27.61,12.19,7559,1036,104.2,NA,124.3,NA,NA
Acton Lake,1997-05-27,0.58,0,NA,73.5,24.36,7.44,7463,1029,127.88,NA,148.47,NA,39.62
Acton Lake,1997-06-02,0.46,5.56,NA,56.65,21.11,8.19,5810,960,137.99,NA,195.53,NA,51.67
Acton Lake,1997-06-09,0.61,0.93,NA,14.54,9.61,6.44,1678,253,40.84,NA,159.87,NA,78.16
Acton Lake,1997-06-16,0.71,14.31,NA,33.53,18.11,6.69,3542,519,71.81,NA,95.67,NA,1882
Acton Lake,1997-06-23,0.7,NA,NA,55.75,15.86,1.94,5722,990,88.84,NA,131.87,NA,NA
Acton Lake,1997-06-30,0.6,8.11,NA,41.51,14.11,3.94,4325,735,82.82,NA,98.64,NA,116.9
Acton Lake,1997-07-04,NA,NA,NA,37.42,12.81,2.04,3924,564,17.67,NA,NA,NA,NA
Acton Lake,1997-07-07,0.71,0.59,NA,31.94,11.36,1.19,3386,456,22.66,NA,113.23,NA,221
Acton Lake,1997-07-11,NA,NA,NA,23.35,11.36,3.04,2543,426,28.94,NA,NA,NA,NA
Acton Lake,1997-07-14,0.78,0.56,NA,36.69,13.36,2.44,3851,532,10.38,NA,88.63,NA,430.1
Acton Lake,1997-07-21,0.8,0.29,NA,24.55,9.36,0.19,2660,393,26.63,NA,91.63,NA,38.3
Acton Lake,1997-07-28,0.85,10.42,NA,29.95,NA,NA,3190,486,61.26,NA,108.9,NA,7.771
Acton Lake,1997-07-29,NA,NA,NA,NA,8.86,0.14,NA,NA,NA,NA,NA,NA,NA
Acton Lake,1997-08-04,0.58,0.29,NA,NA,NA,NA,NA,NA,51.7,NA,92.62,NA,27.56
Acton Lake,1997-08-11,0.68,0,NA,NA,NA,NA,NA,NA,125.08,NA,NA,NA,84.12
Acton Lake,1997-08-25,0.61,0,NA,38.6,9.93,0.64,4039,754,66.21,NA,99.47,NA,615.3
Acton Lake,1997-08-31,0.58,0,NA,27.97,11.96,2.19,2996,534,46.68,NA,76.35,NA,2002
Acton Lake,1997-09-07,0.45,0,NA,73.96,35.56,14.91,7508,1048,59.54,NA,92.71,NA,1088
Acton Lake,1997-09-15,NA,NA,NA,35.77,12.51,2.61,3762,752,NA,NA,NA,NA,NA
Acton Lake,1997-09-21,0.68,0,NA,NA,NA,NA,NA,NA,75.12,NA,106.87,NA,1694
Acton Lake,1997-09-28,0.6,NA,NA,36.49,12.41,2.21,3832,750,70.61,NA,109.49,NA,NA
Acton Lake,1998-05-05,NA,0,NA,NA,NA,NA,NA,NA,NA,NA,NA,NA,3.666
Acton Lake,1998-05-06,0.82,NA,NA,NA,NA,NA,NA,NA,NA,7406.35,88.25,NA,NA
Acton Lake,1998-05-11,NA,0.02,NA,NA,NA,NA,NA,NA,NA,NA,NA,NA,6.65
Acton Lake,1998-05-12,0.47,NA,NA,NA,NA,NA,NA,NA,NA,NA,NA,NA,NA
Acton Lake,1998-05-14,NA,NA,NA,32.77,19.16,10.27,NA,NA,NA,7008.48,117.19,NA,NA
Acton Lake,1998-05-19,NA,NA,NA,30.31,20.4,11.49,NA,NA,NA,6712.66,89.32,NA,NA
Acton Lake,1998-05-20,NA,6.37,NA,NA,NA,NA,NA,NA,NA,NA,NA,NA,14.36
Acton Lake,1998-05-21,0.75,NA,NA,NA,NA,NA,NA,NA,NA,9072.44,NA,NA,NA
Acton Lake,1998-05-25,NA,10.31,NA,NA,NA,NA,NA,NA,NA,NA,NA,NA,14.93
Acton Lake,1998-05-26,0.62,NA,NA,NA,NA,NA,NA,NA,NA,NA,NA,NA,NA
Acton Lake,1998-05-31,NA,5.59,NA,NA,NA,NA,NA,NA,NA,NA,NA,NA,7.186
Acton Lake,1998-06-01,0.57,NA,NA,NA,NA,NA,NA,NA,NA,8025.56,123.06,NA,NA
Acton Lake,1998-06-02,NA,NA,NA,34.34,16.11,6.28,NA,NA,NA,8036.18,110,NA,NA
Acton Lake,1998-06-07,NA,8.19,NA,NA,NA,NA,NA,NA,NA,NA,NA,NA,21.5
Acton Lake,1998-06-08,0.65,NA,NA,NA,NA,NA,NA,NA,NA,NA,NA,NA,NA
Acton Lake,1998-06-17,NA,0.67,NA,NA,NA,NA,NA,NA,NA,NA,NA,NA,2.075
Acton Lake,1998-06-18,0.18,NA,NA,11.94,31.97,24.54,NA,NA,NA,9527.05,263.02,NA,NA
Acton Lake,1998-06-21,NA,5.14,NA,NA,NA,NA,NA,NA,NA,NA,NA,NA,1.891
Acton Lake,1998-06-22,0.29,NA,NA,NA,NA,NA,NA,NA,NA,NA,NA,NA,NA
Acton Lake,1998-06-30,NA,NA,NA,22.54,12.33,5.06,NA,NA,NA,8896.6,93.61,NA,NA
Acton Lake,1998-07-01,NA,1.36,NA,NA,NA,NA,NA,NA,NA,NA,NA,NA,23.25
Acton Lake,1998-07-02,0.81,NA,NA,NA,NA,NA,NA,NA,NA,8937.8,94.24,NA,NA
Acton Lake,1998-07-07,NA,0,NA,NA,NA,NA,NA,NA,NA,NA,NA,NA,6.409
Acton Lake,1998-07-08,NA,NA,NA,27,11.06,4.23,NA,NA,NA,7704.2,93.65,NA,NA
Acton Lake,1998-07-15,NA,NA,NA,24.09,12.74,4.23,NA,NA,NA,7218.69,92.79,NA,NA
Acton Lake,1998-07-20,NA,NA,NA,35.53,13.69,4.58,NA,NA,NA,6738.34,105.74,NA,NA
Acton Lake,1998-07-22,NA,0,NA,NA,NA,NA,NA,NA,NA,NA,NA,NA,10.6
Acton Lake,1998-07-23,0.55,NA,NA,NA,NA,NA,NA,NA,NA,6139.09,113.22,NA,NA
Acton Lake,1998-07-29,NA,NA,NA,66.96,16.32,2.35,NA,NA,NA,4726.58,107.11,NA,NA
Acton Lake,1998-08-04,NA,0,NA,71.53,18.18,5.9,NA,NA,NA,3869.48,126.46,NA,1.72
Acton Lake,1998-08-05,0.54,NA,NA,NA,NA,NA,NA,NA,NA,4082.52,109.51,NA,NA
Acton Lake,1998-08-12,NA,NA,NA,117.1,19.95,5.15,NA,NA,NA,3286.95,148.72,NA,NA
Acton Lake,1998-08-18,NA,0,NA,88.03,18.99,2.85,NA,NA,NA,2973.46,132.49,NA,2.045
Acton Lake,1998-08-19,0.55,NA,NA,NA,NA,NA,NA,NA,NA,2905.04,119.92,NA,NA
Acton Lake,1998-08-24,NA,NA,NA,64.89,13.78,1.42,NA,NA,NA,2235.46,114.65,NA,NA
Acton Lake,1998-09-01,NA,0,NA,NA,NA,NA,NA,NA,NA,NA,NA,NA,8.37
Acton Lake,1998-09-03,NA,NA,NA,58.88,NA,NA,NA,NA,NA,1623.31,126.61,NA,NA
Acton Lake,1998-09-15,NA,0,NA,NA,NA,NA,NA,NA,NA,NA,NA,NA,8.223
Acton Lake,1998-09-17,NA,NA,NA,91.42,19.05,3.11,NA,NA,NA,1976.79,194.57,NA,NA
Acton Lake,1998-09-24,NA,NA,NA,36.12,11.27,2.66,NA,NA,NA,1504.26,125.88,NA,NA
Acton Lake,1998-09-29,NA,0,NA,NA,NA,NA,NA,NA,NA,NA,NA,NA,13.65
Acton Lake,1998-10-01,NA,NA,NA,60.32,NA,NA,NA,NA,NA,1641.05,152.45,NA,NA
Acton Lake,1998-10-08,NA,NA,NA,38.45,12.03,3.79,NA,NA,NA,1880.2,137.47,NA,NA
Acton Lake,1998-10-15,NA,NA,NA,79.63,22.88,9.78,NA,NA,NA,1868.77,172.01,NA,NA
Acton Lake,1998-10-22,NA,NA,NA,23.38,22.12,13.27,NA,NA,NA,1938,149.37,NA,NA
Acton Lake,1998-10-29,NA,NA,NA,79.8,NA,NA,NA,NA,NA,1723.57,121.58,NA,NA
Acton Lake,1999-05-03,NA,0,NA,NA,NA,NA,NA,NA,NA,NA,NA,NA,8.609
Acton Lake,1999-05-04,NA,NA,NA,NA,NA,NA,NA,NA,NA,8346.69,154.05,NA,NA
Acton Lake,1999-05-12,NA,2.55,NA,NA,NA,NA,NA,NA,NA,NA,NA,NA,23.6
Acton Lake,1999-05-13,NA,NA,NA,NA,NA,NA,NA,NA,NA,8446.28,389.49,NA,NA
Acton Lake,1999-05-17,NA,2.96,NA,18.79,15.58,7.93,3288,476,96.2,NA,93.15,NA,6.83
Acton Lake,1999-05-18,NA,NA,NA,22.99,NA,NA,NA,NA,NA,6249.6,162.29,NA,NA
Acton Lake,1999-05-24,NA,8.03,NA,NA,NA,NA,NA,NA,NA,NA,NA,NA,13.27
Acton Lake,1999-05-25,NA,NA,NA,NA,14.9,6.49,NA,NA,NA,5505.49,140.73,NA,NA
Acton Lake,1999-05-28,NA,NA,NA,NA,NA,NA,2981,486,103.1,NA,NA,NA,NA
Acton Lake,1999-05-29,NA,NA,NA,30.74,NA,NA,NA,NA,NA,5756.36,131.61,NA,NA
Acton Lake,1999-06-02,NA,NA,NA,NA,NA,NA,NA,NA,NA,5531.55,129.51,NA,NA
Acton Lake,1999-06-03,NA,4.73,NA,27.95,NA,NA,NA,NA,NA,5209.14,157.39,NA,33.74
Acton Lake,1999-06-05,NA,NA,NA,43.76,18,3.98,5688,825,102.6,NA,NA,NA,NA
Acton Lake,1999-06-09,NA,NA,NA,48.67,NA,NA,NA,NA,NA,5774.39,110.72,NA,NA
Acton Lake,1999-06-10,NA,7.38,NA,NA,NA,NA,NA,NA,NA,NA,NA,NA,32.23
Acton Lake,1999-06-11,NA,NA,NA,57.09,11.67,2.06,4961,795,70.7,4023.7,101.65,NA,NA
Acton Lake,1999-06-15,NA,3.12,NA,NA,NA,NA,NA,NA,NA,NA,NA,NA,40.85
Acton Lake,1999-06-16,0.48,NA,NA,47.44,8.93,2.07,3984,590,56.4,4884.18,80.36,NA,NA
Acton Lake,1999-06-17,NA,NA,NA,24.12,NA,NA,NA,NA,NA,4349.2,94.86,NA,NA
Acton Lake,1999-06-23,NA,0.72,NA,NA,NA,NA,NA,NA,NA,NA,NA,NA,25.81
Acton Lake,1999-06-24,NA,NA,NA,21.58,NA,NA,NA,NA,NA,3717.02,112.64,NA,NA
Acton Lake,1999-06-25,0.55,NA,NA,38.5,7.41,0.97,3124,641,61.2,4125.79,90.69,NA,NA
Acton Lake,1999-06-29,0.65,NA,NA,23.65,10.14,3.96,2557,474,57.1,3761.18,104.02,NA,NA
Acton Lake,1999-06-30,NA,NA,NA,17.33,NA,NA,NA,NA,NA,3185.99,112.03,NA,NA
Acton Lake,1999-07-01,0.45,NA,NA,NA,NA,NA,NA,NA,NA,NA,NA,NA,NA
Acton Lake,1999-07-05,NA,0,NA,NA,NA,NA,NA,NA,NA,NA,NA,NA,15.59
Acton Lake,1999-07-06,0.65,NA,NA,31.2,10.51,2.58,3423,624,51.6,NA,86.1,NA,NA
Acton Lake,1999-07-12,NA,0,NA,NA,NA,NA,NA,NA,NA,NA,NA,NA,31.05
Acton Lake,1999-07-13,0.45,NA,NA,44.73,12.42,2.78,4120,731,65.5,2784.02,91.65,NA,NA
Acton Lake,1999-07-18,NA,0,NA,NA,NA,NA,NA,NA,NA,NA,NA,NA,154.6
Acton Lake,1999-07-19,0.45,NA,NA,62.19,NA,NA,5236,860,67.2,2506.91,NA,NA,NA
Acton Lake,1999-07-26,NA,0,NA,NA,NA,NA,NA,NA,NA,NA,NA,NA,8.157
Acton Lake,1999-07-27,0.45,NA,NA,77.18,18.15,1.58,6682,1168,80.9,1881.36,114.71,NA,NA
Acton Lake,1999-08-02,0.45,NA,NA,54.12,NA,NA,5136,888,58.8,NA,NA,NA,NA
Acton Lake,1999-08-10,NA,0,NA,NA,NA,NA,NA,NA,NA,NA,NA,NA,11.81
Acton Lake,1999-08-11,0.37,NA,NA,62.61,18.69,0.27,6909,975,87.4,1492.2,130.68,NA,NA
Acton Lake,1999-08-16,NA,0,NA,NA,NA,NA,NA,NA,NA,NA,NA,NA,15.25
Acton Lake,1999-08-17,0.34,NA,NA,53.91,NA,NA,5852,817,88.8,1399.03,130.17,NA,NA
Acton Lake,1999-08-28,NA,0,NA,NA,NA,NA,NA,NA,NA,NA,NA,NA,5.262
Acton Lake,1999-08-29,0.45,NA,NA,59.43,NA,NA,6400,770,78.7,1459.32,124.41,NA,NA
Acton Lake,1999-09-09,0.45,NA,NA,40.15,NA,NA,4168,590,81.5,1283.93,112.79,NA,NA
Acton Lake,1999-09-22,NA,0,NA,NA,NA,NA,NA,NA,NA,NA,NA,NA,32.53
Acton Lake,1999-09-23,0.43,NA,NA,51.22,NA,NA,4115,731,103.7,1590.86,155.83,NA,NA
Acton Lake,1999-10-07,0.45,NA,NA,37.74,NA,NA,3751,898,75.6,1426.43,122.54,NA,NA
Acton Lake,1999-10-25,0.45,NA,NA,48.64,18.85,3.51,3668,526,70,NA,98.57,NA,NA
Acton Lake,2000-04-20,NA,NA,NA,NA,NA,NA,NA,NA,NA,NA,NA,NA,5.025
Acton Lake,2000-04-21,0.55,0,NA,19.87,13.86,5.8,1589,334,46.58,11200.91,129.96,NA,NA
Acton Lake,2000-05-03,NA,NA,NA,NA,NA,NA,NA,NA,NA,NA,41.18,NA,NA
Acton Lake,2000-05-04,NA,NA,NA,NA,NA,NA,NA,NA,NA,NA,NA,NA,6.876
Acton Lake,2000-05-05,0.75,0,NA,34.75,11.28,2.77,3047,637,48.25,10819.45,59.44,NA,NA
Acton Lake,2000-05-10,NA,NA,NA,NA,NA,NA,NA,NA,NA,NA,NA,NA,19.59
Acton Lake,2000-05-11,0.45,0,NA,74.37,17.05,6.81,4301,720,59.18,10888.94,134.35,NA,NA
Acton Lake,2000-05-18,NA,15.04,NA,41.5,NA,NA,NA,NA,NA,NA,57.99,NA,8.506
Acton Lake,2000-05-19,0.45,NA,NA,87.49,18.9,9.61,4205,668,63.5,NA,NA,NA,NA
Acton Lake,2000-05-23,NA,NA,NA,NA,NA,NA,NA,NA,NA,NA,81.09,NA,NA
Acton Lake,2000-05-25,NA,NA,NA,NA,NA,NA,NA,NA,NA,NA,NA,NA,28.92
Acton Lake,2000-05-26,0.55,6.33,NA,46.52,13.59,6.22,3369,540,66.48,8839.96,55.01,NA,NA
Acton Lake,2000-05-30,NA,NA,NA,NA,NA,NA,NA,NA,NA,NA,41.66,NA,NA
Acton Lake,2000-05-31,NA,NA,NA,NA,NA,NA,NA,NA,NA,NA,71.81,NA,NA
Acton Lake,2000-06-01,NA,NA,NA,NA,NA,NA,NA,NA,NA,NA,NA,NA,66.39
Acton Lake,2000-06-02,0.55,6.48,NA,53.87,9.43,0.75,3782,417,39.61,NA,73.84,NA,NA
Acton Lake,2000-06-06,NA,NA,NA,59.91,NA,NA,NA,NA,NA,NA,97.71,NA,NA
Acton Lake,2000-06-09,0.75,NA,NA,28,10.16,1.29,3140,655,46.91,6020.16,85.65,NA,NA
Acton Lake,2000-06-10,NA,11.43,NA,NA,NA,NA,NA,NA,NA,NA,NA,NA,NA
Acton Lake,2000-06-14,NA,NA,NA,NA,NA,NA,NA,NA,NA,NA,96.92,NA,5.933
Acton Lake,2000-06-15,0.7,5.88,NA,41.25,11.61,3.57,NA,NA,47.4,5602.9,91.92,NA,NA
Acton Lake,2000-06-22,NA,NA,NA,60.23,NA,NA,NA,NA,NA,NA,89.33,NA,6.035
Acton Lake,2000-06-23,0.45,1.31,NA,51.5,9.98,2.11,NA,NA,94.88,NA,102.81,NA,NA
Acton Lake,2000-06-29,NA,NA,NA,25.03,NA,NA,NA,NA,NA,NA,51.89,NA,11.84
Acton Lake,2000-06-30,0.75,2.24,NA,39.59,9.08,2.39,NA,NA,64.4,8558.03,85.2,NA,NA
Acton Lake,2000-07-06,0.55,NA,NA,NA,12.26,3.88,3224,486,68.86,7959.43,97.03,NA,NA
Acton Lake,2000-07-13,NA,NA,NA,NA,NA,NA,NA,NA,NA,NA,NA,NA,8.255
Acton Lake,2000-07-14,0.55,0,NA,91.9,16.42,3.56,NA,NA,71.84,NA,88.42,NA,NA
Acton Lake,2000-07-20,0.25,NA,NA,NA,20.72,3.19,NA,NA,77.35,6926.5,97.33,NA,NA
Acton Lake,2000-07-27,0.45,NA,NA,NA,NA,NA,NA,NA,NA,NA,NA,NA,NA
Acton Lake,2000-07-28,NA,NA,NA,113.54,18.63,0.57,NA,NA,73.37,NA,NA,NA,NA
Acton Lake,2000-08-01,NA,NA,NA,NA,NA,NA,NA,NA,NA,NA,NA,NA,2.727
Acton Lake,2000-08-02,0.42,0,NA,113.85,16,NA,NA,NA,91.6,NA,115.92,NA,NA
Acton Lake,2000-08-07,NA,NA,NA,90.67,NA,NA,NA,NA,NA,NA,68.16,NA,NA
Acton Lake,2000-08-08,NA,NA,NA,NA,NA,NA,NA,NA,NA,NA,NA,NA,5.209
Acton Lake,2000-08-09,0.35,NA,NA,128.03,13.68,NA,NA,NA,72.55,NA,111.1,NA,NA
Acton Lake,2000-08-16,NA,0,NA,NA,NA,NA,NA,NA,NA,NA,NA,NA,7.691
Acton Lake,2000-08-17,0.45,NA,NA,104.98,12.78,0.23,5568,885,50.24,NA,106.06,NA,NA
Acton Lake,2000-08-31,NA,0,NA,NA,NA,NA,NA,NA,NA,NA,NA,NA,40.96
Acton Lake,2000-09-01,0.55,NA,NA,63.38,4.52,0.09,3836,711,50.49,2089.47,97.2,NA,NA
Acton Lake,2000-09-06,0.53,NA,NA,56.13,7.41,NA,NA,NA,63.12,NA,88.59,NA,NA
Acton Lake,2000-09-11,NA,NA,NA,45.6,NA,NA,NA,NA,NA,NA,70.23,NA,NA
Acton Lake,2000-09-13,0.53,NA,NA,73.74,6.98,NA,3819,776,60.95,4130.13,123.78,NA,NA
Acton Lake,2000-09-25,0.45,NA,NA,63.41,13.04,4.47,3202,534,68.57,3840.94,140.91,NA,NA
Acton Lake,2000-10-04,0.45,NA,NA,94.73,11,0.65,4904,607,NA,NA,97.87,NA,NA
Acton Lake,2000-10-11,0.52,NA,NA,28.28,9.16,4,1629,254,NA,6803.86,186.95,NA,NA
Acton Lake,2000-10-25,0.65,NA,NA,85.72,9.78,NA,4613,732,NA,6917.02,115.15,NA,NA
Acton Lake,2001-03-29,NA,NA,NA,8.98,NA,NA,NA,NA,NA,NA,NA,NA,NA
Acton Lake,2001-04-03,1.27,NA,NA,16.92,6.94,1.63,NA,NA,NA,NA,NA,NA,NA
Acton Lake,2001-04-06,0.92,NA,NA,17.57,7.64,2.06,1497,212.3,NA,NA,NA,NA,NA
Acton Lake,2001-04-07,0.96,NA,NA,14.56,7.93,2.04,1451,210.8,NA,NA,NA,NA,NA
Acton Lake,2001-04-10,0.79,0,NA,22.85,8.34,1.66,NA,NA,NA,NA,NA,NA,16.63
Acton Lake,2001-04-11,0.78,NA,NA,22.08,16.17,10.03,2015,239.3,NA,NA,NA,NA,NA
Acton Lake,2001-04-12,0.4,NA,NA,33.65,18.66,12.01,2936,398.8,NA,NA,NA,NA,NA
Acton Lake,2001-04-13,0.51,NA,NA,40.76,13.45,7.1,2649,356.1,NA,NA,NA,NA,NA
Acton Lake,2001-04-17,0.65,NA,NA,38.14,10.65,4.41,2233,304.8,NA,NA,NA,NA,NA
Acton Lake,2001-04-19,0.66,NA,NA,46.75,9.88,4.81,NA,NA,NA,NA,NA,NA,NA
Acton Lake,2001-04-20,0.78,NA,NA,22.45,10.2,5.48,NA,NA,NA,NA,NA,NA,NA
Acton Lake,2001-04-21,0.9,NA,NA,23.86,11.57,3.65,NA,NA,NA,9065.75,NA,NA,NA
Acton Lake,2001-04-22,0.62,NA,NA,55.53,14.61,3.7,NA,NA,NA,NA,NA,NA,NA
Acton Lake,2001-04-25,0.71,NA,NA,49.52,11.81,3.59,3669,490,40.5,9065.75,NA,NA,NA
Acton Lake,2001-05-01,1.03,NA,NA,22.55,7.75,2.62,2279,325.9,NA,8040.12,NA,NA,NA
Acton Lake,2001-05-02,NA,NA,NA,30.68,8.32,2,NA,NA,NA,NA,NA,NA,NA
Acton Lake,2001-05-03,0.98,NA,NA,NA,NA,NA,NA,NA,NA,NA,NA,NA,NA
Acton Lake,2001-05-06,0.91,NA,NA,42.22,11.95,3.47,NA,NA,NA,NA,NA,NA,NA
Acton Lake,2001-05-08,NA,NA,NA,64.9,12.95,4.09,NA,NA,NA,NA,NA,NA,NA
Acton Lake,2001-05-10,0.58,NA,NA,NA,10.88,2.93,4196,523.2,36.8,NA,63.34,NA,NA
Acton Lake,2001-05-14,NA,NA,NA,NA,11.11,0.57,3484,489.7,38.5,NA,NA,NA,NA
Acton Lake,2001-05-15,0.65,NA,NA,50.94,10.25,1.46,NA,NA,NA,NA,NA,NA,NA
Acton Lake,2001-05-17,0.69,NA,NA,43.97,10.3,2.31,NA,NA,NA,NA,NA,NA,NA
Acton Lake,2001-05-18,0.72,NA,NA,42.31,13.87,5.29,NA,NA,NA,NA,NA,NA,NA
Acton Lake,2001-05-19,0.61,13.46,NA,48.46,21.91,14.54,NA,NA,NA,NA,NA,NA,37.4
Acton Lake,2001-05-20,NA,NA,NA,21.35,30.63,23.44,NA,NA,NA,NA,NA,NA,NA
Acton Lake,2001-05-21,NA,NA,NA,6.08,22.36,16.4,1722,160,69.2,NA,NA,NA,NA
Acton Lake,2001-05-22,NA,NA,NA,35.58,10.12,5.33,NA,NA,NA,NA,NA,NA,NA
Acton Lake,2001-05-23,NA,NA,NA,37.19,8.98,4.33,NA,NA,72.6,9839.08,129.5,NA,NA
Acton Lake,2001-05-24,NA,NA,NA,65.15,12.74,5.31,NA,NA,NA,NA,NA,NA,NA
Acton Lake,2001-05-25,0.69,9.28,NA,23.47,11.12,6.12,NA,NA,NA,NA,NA,NA,39.82
Acton Lake,2001-05-26,NA,NA,NA,32.27,11.06,5.91,NA,NA,NA,NA,NA,NA,NA
Acton Lake,2001-05-27,NA,NA,NA,35.74,10.36,4.19,NA,NA,NA,NA,NA,NA,NA
Acton Lake,2001-05-28,NA,NA,NA,34.66,13.55,7.3,NA,NA,NA,NA,NA,NA,NA
Acton Lake,2001-05-29,NA,NA,NA,23.47,14.5,7.71,NA,NA,NA,NA,NA,NA,NA
Acton Lake,2001-05-30,NA,NA,NA,49.26,11.75,4.07,2104,315.2,83.7,NA,117.33,NA,NA
Acton Lake,2001-05-31,NA,NA,NA,25.81,15.16,8.96,NA,NA,NA,NA,NA,NA,NA
Acton Lake,2001-06-01,0.58,17,NA,48.79,16.19,8,NA,NA,NA,NA,NA,NA,33.11
Acton Lake,2001-06-02,NA,NA,NA,70.23,15.15,5.27,NA,NA,NA,NA,NA,NA,NA
Acton Lake,2001-06-04,NA,NA,NA,78.59,14,4.11,NA,NA,NA,NA,NA,NA,NA
Acton Lake,2001-06-05,NA,NA,NA,51.8,11.71,3.41,NA,NA,NA,NA,NA,NA,NA
Acton Lake,2001-06-06,0.92,1.06,NA,33.94,10.52,3.27,2059,354.3,65.8,11857.35,88.63,NA,34.88
Acton Lake,2001-06-08,NA,NA,NA,38.2,12.95,1.66,NA,NA,NA,NA,NA,NA,NA
Acton Lake,2001-06-09,NA,NA,NA,80.98,16.25,0.11,4728,757.1,81.7,NA,NA,NA,NA
Acton Lake,2001-06-11,NA,NA,NA,114.24,19.43,2.32,NA,NA,NA,NA,NA,NA,NA
Acton Lake,2001-06-12,0.84,0.43,NA,136.58,39.93,4.35,NA,NA,NA,NA,NA,NA,38.19
Acton Lake,2001-06-13,NA,NA,NA,NA,52.24,4.58,NA,NA,NA,13019.14,396.54,NA,NA
Acton Lake,2001-06-14,NA,NA,NA,184.37,19.01,3.21,NA,NA,NA,NA,NA,NA,NA
Acton Lake,2001-06-15,NA,NA,NA,81.97,15.99,5.58,NA,NA,NA,NA,NA,NA,NA
Acton Lake,2001-06-16,NA,NA,NA,94.5,NA,NA,NA,NA,NA,NA,NA,NA,NA
Acton Lake,2001-06-17,NA,NA,NA,52.21,NA,NA,NA,NA,NA,NA,NA,NA,NA
Acton Lake,2001-06-19,NA,NA,NA,56.22,17.06,7.18,NA,NA,NA,NA,NA,NA,NA
Acton Lake,2001-06-20,0.43,0.42,NA,67.44,18.12,8.05,NA,NA,68.5,NA,87.62,NA,28.65
Acton Lake,2001-06-22,NA,NA,NA,54.82,15.99,5.4,NA,NA,NA,NA,NA,NA,NA
Acton Lake,2001-06-23,NA,NA,NA,67.14,19.96,3.87,3626,593.7,NA,NA,NA,NA,NA
Acton Lake,2001-06-24,NA,NA,NA,99.81,20.69,3.12,NA,NA,NA,NA,NA,NA,NA
Acton Lake,2001-06-25,NA,NA,NA,38.08,17.78,3.16,NA,NA,NA,NA,NA,NA,NA
Acton Lake,2001-06-26,0.58,25.4,NA,40.49,14.69,2.93,NA,NA,NA,NA,NA,NA,10.06
Acton Lake,2001-06-27,NA,NA,NA,44.22,11.85,2.56,NA,NA,49.2,11300.09,70.05,NA,NA
Acton Lake,2001-06-29,NA,NA,NA,48.3,10.56,1.26,3573,612.2,55,NA,NA,NA,NA
Acton Lake,2001-07-01,NA,NA,NA,41.19,9.56,2.15,NA,NA,NA,NA,NA,NA,NA
Acton Lake,2001-07-02,NA,NA,NA,51.61,9.73,2.55,NA,NA,NA,NA,NA,NA,NA
Acton Lake,2001-07-03,NA,NA,NA,43.99,10.21,2.11,NA,NA,NA,NA,NA,NA,NA
Acton Lake,2001-07-06,0.69,0.37,NA,40.89,10.19,1.13,2636,439.4,57.3,NA,83.6,NA,34.15
Acton Lake,2001-07-08,NA,NA,NA,58.02,12.34,1.43,NA,NA,NA,NA,NA,NA,NA
Acton Lake,2001-07-09,0.55,0.34,NA,57.82,14.56,2.03,4045,630.6,63.8,NA,NA,NA,27.36
Acton Lake,2001-07-10,NA,NA,NA,60.03,14.53,1.57,NA,NA,NA,NA,NA,NA,NA
Acton Lake,2001-07-11,NA,NA,NA,63.48,12.73,0.84,NA,NA,69.8,8171.66,104.88,NA,NA
Acton Lake,2001-07-12,NA,NA,NA,77.06,16.01,2.93,NA,NA,NA,NA,NA,NA,NA
Acton Lake,2001-07-14,NA,NA,NA,62.13,16.05,4.54,4700,661.3,NA,NA,NA,NA,NA
Acton Lake,2001-07-18,0.67,0.27,NA,35.42,16.04,7.72,2358,382,73.1,NA,114.63,NA,32.15
Acton Lake,2001-07-19,NA,NA,NA,46.3,25.38,14.87,NA,NA,NA,NA,NA,NA,NA
Acton Lake,2001-07-20,NA,NA,NA,54.01,20.38,7.69,NA,NA,NA,NA,NA,NA,NA
Acton Lake,2001-07-21,NA,NA,NA,61.63,25.19,8.17,NA,NA,NA,NA,NA,NA,NA
Acton Lake,2001-07-22,NA,NA,NA,107.43,24.14,7.18,7374,977,NA,NA,NA,NA,NA
Acton Lake,2001-07-23,NA,NA,NA,78.97,16.23,4.53,NA,NA,NA,NA,NA,NA,NA
Acton Lake,2001-07-25,NA,NA,NA,67.79,14.24,0.86,3751,678.3,104.1,5115.89,162.26,NA,NA
Acton Lake,2001-07-27,0.55,0.27,NA,94.3,19.5,2.55,NA,NA,NA,NA,NA,NA,11.24
Acton Lake,2001-08-01,0.49,0,NA,112.64,23.14,2.92,6561,1113,96.1,4873.4,129.13,NA,20.38
Acton Lake,2001-08-08,0.66,0,NA,49.25,15.3,1.63,5038,808.2,72.2,3895.13,117.67,NA,17.57
Acton Lake,2001-08-15,NA,0,NA,NA,NA,NA,NA,NA,NA,NA,NA,NA,12.67
Acton Lake,2001-08-22,NA,0,NA,NA,NA,NA,NA,NA,NA,NA,128.81,NA,10.22
Acton Lake,2001-08-23,0.45,NA,NA,96.05,17.98,2.87,5278,938.8,85,2712.96,NA,NA,NA
Acton Lake,2001-08-28,NA,0,NA,NA,NA,NA,NA,NA,NA,NA,NA,NA,7.774
Acton Lake,2001-08-29,0.51,NA,NA,88.79,11.14,1.22,NA,NA,76.6,2580.38,108.39,NA,NA
Acton Lake,2001-09-04,NA,0,NA,NA,NA,NA,NA,NA,NA,NA,NA,NA,11.69
Acton Lake,2001-09-12,0.55,0,NA,55.57,12.93,1.6,4560,814.5,91.2,1637.69,129.54,NA,15.61
Acton Lake,2001-09-19,NA,0,NA,NA,NA,NA,NA,NA,NA,NA,NA,NA,19.01
Acton Lake,2001-09-26,0.5,0,NA,56.57,12.25,4.36,3179,589.4,85.4,3784.36,118.24,NA,22.78
Acton Lake,2001-10-02,NA,0,NA,NA,NA,NA,NA,NA,NA,NA,NA,NA,19.87
Acton Lake,2001-10-10,0.58,0,NA,38.43,12.63,4.22,NA,NA,59.1,4358.67,70.64,NA,16.96
Acton Lake,2001-10-17,NA,0,NA,NA,NA,NA,NA,NA,NA,NA,NA,NA,12.61
Acton Lake,2001-10-23,NA,NA,NA,17.14,8.73,4.59,1600,263.3,52.8,7387.22,108.26,NA,NA
Acton Lake,2001-10-24,0.61,0,NA,NA,NA,NA,NA,NA,NA,NA,NA,NA,8.266
Acton Lake,2002-04-18,0.6,0,NA,58.47,13.1,8.04,NA,NA,71.06,6922.35,94.02,NA,7.436
Acton Lake,2002-04-23,0.35,0,NA,55.82,NA,NA,2616,526,110.73,6032.55,149.42,NA,8.386
Acton Lake,2002-04-25,NA,NA,NA,23.61,23.84,18.11,NA,NA,NA,5954.25,129,NA,NA
Acton Lake,2002-04-30,0.15,0,NA,11.77,NA,NA,NA,NA,135.9,4526.79,302.51,NA,7.832
Acton Lake,2002-05-02,NA,NA,NA,7.34,32.39,26.18,NA,NA,NA,5203.46,232.45,NA,NA
Acton Lake,2002-05-07,NA,0,NA,29.56,10.26,4.98,1321,376,62.45,5346.79,117.14,NA,8.39
Acton Lake,2002-05-08,0.01,NA,NA,7.67,197.41,168.91,NA,NA,NA,3339.31,527.66,NA,NA
Acton Lake,2002-05-10,NA,NA,NA,6.69,58.34,48.06,NA,NA,NA,4209.03,341.4,NA,NA
Acton Lake,2002-05-11,NA,NA,NA,4.46,25.12,20.44,NA,NA,NA,4605.42,247.36,NA,NA
Acton Lake,2002-05-13,NA,NA,NA,NA,NA,NA,NA,NA,NA,3875.55,406.8,NA,NA
Acton Lake,2002-05-14,NA,NA,NA,2.43,109.72,90.99,NA,NA,170.58,NA,NA,NA,NA
Acton Lake,2002-05-15,NA,NA,NA,1.85,81.67,67.05,NA,NA,NA,3079.6,438.12,NA,NA
Acton Lake,2002-05-16,0.13,0,NA,1.48,57.21,47.83,NA,NA,NA,3215.49,351.36,NA,2.228
Acton Lake,2002-05-17,NA,NA,NA,4.09,46.76,37.88,NA,NA,NA,3452.87,296.43,NA,NA
Acton Lake,2002-05-20,NA,NA,NA,6.61,18.04,13.68,900,124,49.96,4142.77,226.1,NA,NA
Acton Lake,2002-05-22,NA,NA,NA,1.74,12.61,9.67,NA,NA,NA,4440.33,199.25,NA,NA
Acton Lake,2002-05-23,0.25,0.56,NA,3.02,13.7,10.45,NA,NA,NA,4273.97,185.62,NA,2.193
Acton Lake,2002-05-24,NA,NA,NA,16.53,17.09,12.4,NA,NA,NA,4340.02,184.39,NA,NA
Acton Lake,2002-05-26,NA,NA,NA,20.28,14.68,10.02,NA,NA,NA,4273.97,153.02,NA,NA
Acton Lake,2002-05-27,NA,NA,NA,39.22,15.16,8.48,NA,NA,NA,4406.97,131.19,NA,NA
Acton Lake,2002-05-28,NA,NA,NA,51.93,11.49,4.59,NA,NA,73.71,4406.97,117.35,NA,NA
Acton Lake,2002-05-29,0.65,2.19,NA,48.7,8.88,1.38,NA,NA,NA,4564.36,94.86,NA,2.735
Acton Lake,2002-05-30,NA,NA,NA,57.32,8.68,2.1,NA,NA,NA,4497.16,79.97,NA,NA
Acton Lake,2002-05-31,NA,NA,NA,51.62,15.21,4.56,NA,NA,NA,4101.68,58.56,NA,NA
Acton Lake,2002-06-03,NA,NA,NA,71.7,NA,NA,3332,471,68.6,4769.39,81.09,NA,NA
Acton Lake,2002-06-04,0.35,15.17,NA,88.65,24.05,11.28,NA,NA,NA,4363.62,69.98,NA,27.82
Acton Lake,2002-06-05,NA,NA,NA,91.26,14.54,4.6,NA,NA,NA,4133.89,61.84,NA,NA
Acton Lake,2002-06-06,NA,NA,NA,94.95,13.24,4.46,NA,NA,NA,4133.89,64.45,NA,NA
Acton Lake,2002-06-07,NA,NA,NA,73.2,15,5.02,NA,NA,NA,4216.05,80.37,NA,NA
Acton Lake,2002-06-08,NA,NA,NA,58.4,22.06,11.39,NA,NA,NA,4896.96,111.25,NA,NA
Acton Lake,2002-06-09,NA,NA,NA,NA,19.46,8.1,NA,NA,NA,5182.49,94.33,NA,NA
Acton Lake,2002-06-10,NA,NA,NA,84.88,NA,NA,NA,NA,66.51,4904.86,26.97,NA,NA
Acton Lake,2002-06-11,NA,NA,NA,84.83,13.69,5.59,NA,NA,NA,6711.19,97.87,NA,NA
Acton Lake,2002-06-12,0.48,88.88,NA,40.25,9.83,3.07,NA,NA,NA,6311.89,73.44,NA,37.11
Acton Lake,2002-06-13,NA,NA,NA,69.74,10.74,2.73,NA,NA,NA,6157.26,79.42,NA,NA
Acton Lake,2002-06-14,NA,NA,NA,59.2,12.33,4.15,NA,NA,NA,6470.03,79.64,NA,NA
Acton Lake,2002-06-15,NA,NA,NA,76.34,13.37,5.06,NA,NA,NA,6791.57,113.71,NA,NA
Acton Lake,2002-06-17,NA,NA,NA,85.63,NA,NA,3363,537,81.8,6791.57,116.26,NA,NA
Acton Lake,2002-06-19,0.7,3.8,NA,35.15,7.68,0.11,NA,NA,NA,6407.59,64.05,NA,44.58
Acton Lake,2002-06-21,NA,NA,NA,56.29,10.78,2.34,NA,NA,NA,6163.83,84.01,NA,NA
Acton Lake,2002-06-24,0.68,29.68,NA,96.2,NA,NA,NA,NA,64.56,5805.62,82.1,NA,31.69
Acton Lake,2002-06-26,NA,NA,NA,128.47,13.73,2.03,NA,NA,NA,5419.94,91.65,NA,NA
Acton Lake,2002-06-27,NA,NA,NA,79.2,13.03,1.73,NA,NA,NA,5689.92,81.47,NA,NA
Acton Lake,2002-06-28,NA,NA,NA,58.97,10.82,0.8,NA,NA,NA,5170.2,72.64,NA,NA
Acton Lake,2002-07-01,0.8,4.03,NA,28.76,NA,NA,2496,383,50.53,4849.58,68.42,NA,10.17
Acton Lake,2002-07-03,NA,NA,NA,NA,8.85,0.74,NA,NA,NA,4438.01,75.05,NA,NA
Acton Lake,2002-07-08,NA,NA,NA,25.35,NA,NA,NA,NA,55.69,4205.36,74.08,NA,NA
Acton Lake,2002-07-10,0.93,1.9,NA,26.36,5.02,0.79,NA,NA,NA,3822.72,83.7,NA,11.52
Acton Lake,2002-07-11,NA,NA,NA,29.66,7.08,1.63,NA,NA,NA,3759.11,73.73,NA,NA
Acton Lake,2002-07-12,NA,NA,NA,31.89,7.08,0.76,NA,NA,NA,3987.71,78.06,NA,NA
Acton Lake,2002-07-15,NA,NA,NA,61.68,NA,NA,4059,621,61.93,3614.9,74.5,NA,NA
Acton Lake,2002-07-16,NA,NA,NA,42.31,10.65,0.7,NA,NA,NA,3346.12,77.17,NA,NA
Acton Lake,2002-07-17,0.65,3.02,NA,NA,NA,NA,NA,NA,NA,NA,NA,NA,2.385
Acton Lake,2002-07-18,NA,NA,NA,128.27,10.77,1.18,NA,NA,NA,3259.13,87.39,NA,NA
Acton Lake,2002-07-22,NA,NA,NA,59.48,11.49,1.62,3760,649,73.83,3002.33,103.29,NA,NA
Acton Lake,2002-07-24,0.53,0.82,NA,59.55,NA,NA,NA,NA,NA,2836.89,89.56,NA,1.612
Acton Lake,2002-07-25,NA,NA,NA,69.55,10.88,1.27,NA,NA,NA,2675.59,92.73,NA,NA
Acton Lake,2002-07-26,NA,NA,NA,57.42,NA,NA,NA,NA,NA,NA,85.15,NA,NA
Acton Lake,2002-07-29,0.48,0.66,NA,95.6,NA,NA,4794,895,90.78,2420.21,109.31,NA,1.91
Acton Lake,2002-07-31,NA,NA,NA,87.91,NA,NA,NA,NA,NA,2219.06,101.59,NA,NA
Acton Lake,2002-08-02,NA,NA,NA,63.78,NA,NA,NA,NA,NA,1907.45,94.1,NA,NA
Acton Lake,2002-08-05,0.55,NA,NA,93.1,13.35,0.43,5513,1013,97.19,1838.15,119.57,NA,NA
Acton Lake,2002-08-09,NA,0.33,NA,64.36,11.78,0.57,NA,NA,NA,1485.76,95.71,NA,3.236
Acton Lake,2002-08-12,0.58,NA,NA,86.73,11.08,0.03,4680,955,81.95,1485.76,100.54,NA,NA
Acton Lake,2002-08-15,NA,0.29,NA,NA,NA,NA,NA,NA,NA,NA,NA,NA,2.771
Acton Lake,2002-08-19,0.48,0.42,NA,129.52,13.41,1.43,4799,1015,96.6,1333.62,120.43,NA,2.306
Acton Lake,2002-08-26,0.44,0,NA,75.91,13.71,0.73,5995,867,81.38,1140.63,109.76,NA,2.01
Acton Lake,2002-09-03,0.48,0,NA,63.58,9.91,0.03,4533,721,78.18,1032.32,100.72,NA,1.565
Acton Lake,2002-09-09,0.53,0,NA,34.92,8.84,0.05,NA,NA,96.87,921.24,87.21,NA,9.384
Acton Lake,2002-09-16,0.58,NA,NA,94,7.5,0.03,3896,739,82.96,1032.55,113.97,NA,NA
Acton Lake,2002-09-17,NA,0,NA,NA,NA,NA,NA,NA,NA,NA,NA,NA,4.86
Acton Lake,2002-09-23,0.48,NA,NA,69.15,8.37,0.03,NA,NA,95.2,1051.29,124.57,NA,NA
Acton Lake,2002-09-30,0.48,NA,NA,74.76,11.33,2.38,3593,744,92.18,1074.41,117.59,NA,NA
Acton Lake,2002-10-14,0.56,NA,NA,27.81,8.42,4.12,1715,377,60.36,1017.5,102.73,NA,NA
Acton Lake,2002-10-28,0.43,NA,NA,NA,11.18,2.28,NA,NA,74.06,1074.65,91.18,NA,NA
Acton Lake,2002-11-11,0.58,NA,NA,84.78,10.47,5.68,3158,542,65.23,1093.7,86.46,NA,NA
Acton Lake,2003-04-02,0.55,0,NA,12.95,12.64,8.43,1160,162,43.4,8487.01,94.39,NA,17.22
Acton Lake,2003-04-10,0.68,0,NA,36.35,10.43,5.46,1810,321,NA,8120.6,67.64,NA,28.21
Acton Lake,2003-04-16,0.78,0,NA,57.12,9.59,3.72,2162,355,NA,7493.9,47.63,NA,17.44
Acton Lake,2003-04-24,0.58,0,NA,32.92,10.76,4.99,1931,337,50.6,7019.04,54.53,NA,35.75
Acton Lake,2003-05-01,0.68,0.27,NA,34.92,10.07,1,2497,338,NA,6241.68,44.75,NA,144.9
Acton Lake,2003-05-05,NA,NA,NA,34.2,10.28,4.58,NA,NA,NA,5762.38,48.07,NA,NA
Acton Lake,2003-05-06,NA,0.35,NA,55.14,15.95,5.26,NA,NA,NA,6082,56.15,NA,49.46
Acton Lake,2003-05-07,NA,NA,NA,43.77,10.64,1.9,NA,NA,NA,5609.19,58.44,NA,NA
Acton Lake,2003-05-08,NA,NA,NA,77.84,10.81,1.01,NA,NA,NA,5886.21,77.2,NA,NA
Acton Lake,2003-05-09,NA,NA,NA,40.49,29.23,21.21,2994,468,NA,NA,180.41,NA,NA
Acton Lake,2003-05-12,0.33,2.62,NA,27.66,29.22,21.53,NA,NA,NA,8209.78,172.61,NA,77.39
Acton Lake,2003-05-13,NA,NA,NA,25,16.1,11.1,1630,256,83.3,9161.84,172.46,NA,NA
Acton Lake,2003-05-14,NA,NA,NA,30.21,11.87,6.43,NA,NA,NA,9211.71,152.76,NA,NA
Acton Lake,2003-05-15,NA,NA,NA,16.21,8.45,5.38,NA,NA,NA,9212.96,123.99,NA,NA
Acton Lake,2003-05-16,NA,NA,NA,NA,15.44,1.33,NA,NA,NA,9707.92,202.21,NA,NA
Acton Lake,2003-05-19,NA,NA,NA,51.58,8.51,1.37,2063,350,76.6,9409.94,100.91,NA,NA
Acton Lake,2003-05-20,NA,NA,NA,53.21,10.57,5.07,NA,NA,NA,8833.1,85.23,NA,NA
Acton Lake,2003-05-21,NA,NA,NA,86.81,11.94,4.61,NA,NA,NA,9073.5,100.73,NA,NA
Acton Lake,2003-05-22,0.58,0.98,NA,79.19,13.06,4.93,NA,NA,NA,8785.32,81.42,NA,99.02
Acton Lake,2003-05-23,NA,NA,NA,84.65,15.37,4.51,NA,NA,NA,8880.89,96.22,NA,NA
Acton Lake,2003-05-26,NA,NA,NA,67.34,11.66,3.57,NA,NA,NA,8881.87,92.3,NA,NA
Acton Lake,2003-05-27,NA,NA,NA,69.17,15.48,4.87,NA,NA,NA,9025.71,95.89,NA,NA
Acton Lake,2003-05-28,0.6,2.7,NA,86.43,14.59,2.84,5070,790,103,8763.45,108.58,NA,70.86
Acton Lake,2003-05-29,NA,NA,NA,98.11,11.71,1.56,NA,NA,NA,8715.13,115.75,NA,NA
Acton Lake,2003-05-30,NA,NA,NA,104.32,15.43,3.73,NA,NA,NA,9055.69,122.24,NA,NA
Acton Lake,2003-06-02,NA,NA,NA,113.81,17.37,4.46,5704,879,112,8523.41,132.63,NA,NA
Acton Lake,2003-06-03,0.47,35.05,NA,60.78,13.19,6.15,NA,NA,NA,8146.19,87.56,NA,42.7
Acton Lake,2003-06-04,NA,NA,NA,80.37,12.07,4.49,NA,NA,NA,8054.22,104.65,NA,NA
Acton Lake,2003-06-05,NA,NA,NA,82.07,14.96,5.73,NA,NA,NA,8084.02,111.65,NA,NA
Acton Lake,2003-06-06,NA,NA,NA,106.82,16.66,6.93,NA,NA,NA,7850.83,102.22,NA,NA
Acton Lake,2003-06-09,0.68,4.83,NA,122.56,17.41,5.36,NA,NA,NA,7712.61,101.18,NA,69.71
Acton Lake,2003-06-10,NA,NA,NA,128.27,20.19,5.57,6238,910,NA,7759.57,117.45,NA,NA
Acton Lake,2003-06-11,NA,NA,NA,97.56,17.07,6.51,NA,NA,NA,7403.36,NA,NA,NA
Acton Lake,2003-06-12,NA,NA,NA,81.97,17.1,7.07,NA,NA,NA,7361.49,94.62,NA,NA
Acton Lake,2003-06-13,NA,NA,NA,88.44,16.65,4.73,NA,NA,NA,7237.1,95.79,NA,NA
Acton Lake,2003-06-17,0.1,24.26,NA,43.59,83.92,68.26,4210,652,196,6831.02,494.75,NA,8.937
Acton Lake,2003-06-18,NA,NA,NA,37.68,64.55,52.09,NA,NA,NA,7506.11,458.29,NA,NA
Acton Lake,2003-06-19,NA,NA,NA,36.58,36.5,28.78,NA,NA,NA,7595.85,353.33,NA,NA
Acton Lake,2003-06-20,NA,NA,NA,24.05,31.77,24.78,NA,NA,NA,8479.02,233.22,NA,NA
Acton Lake,2003-06-21,NA,NA,NA,21.85,28.26,21.28,NA,NA,NA,NA,NA,NA,NA
Acton Lake,2003-06-22,NA,NA,NA,45.95,25.44,16.99,NA,NA,NA,NA,NA,NA,NA
Acton Lake,2003-06-23,0.28,14.49,NA,80.02,21.37,12.77,3419,584,NA,8383.9,197.89,NA,22.41
Acton Lake,2003-06-24,NA,NA,NA,47.85,14.28,8.35,NA,NA,NA,8008.27,148.78,NA,NA
Acton Lake,2003-06-25,NA,NA,NA,82.12,16.77,6.46,NA,NA,NA,8383.64,148.36,NA,NA
Acton Lake,2003-06-27,NA,NA,NA,89.34,12.27,2.04,NA,NA,NA,7926.78,124.2,NA,NA
Acton Lake,2003-06-30,NA,NA,NA,55.87,11.13,2.29,3329,480,63.5,7172.87,84.44,NA,NA
Acton Lake,2003-07-03,1.05,0.65,NA,25.1,8.15,2.49,NA,NA,NA,7502.14,65.62,NA,23.07
Acton Lake,2003-07-07,NA,NA,NA,22.58,NA,NA,NA,NA,NA,NA,NA,NA,NA
Acton Lake,2003-07-08,NA,NA,NA,41.74,32.09,22.44,2959,510,NA,6468.8,168.27,NA,NA
Acton Lake,2003-07-09,NA,NA,NA,58.32,19.53,11.2,NA,NA,NA,NA,186.9,NA,NA
Acton Lake,2003-07-10,0.35,0.78,NA,51.46,24.77,17.28,NA,NA,NA,6109.42,220.98,NA,30.77
Acton Lake,2003-07-11,NA,NA,NA,28.01,13.32,8.49,NA,NA,NA,5908.4,164.06,NA,NA
Acton Lake,2003-07-14,NA,NA,NA,51.16,10.48,4.49,2250,391,82.9,5908.4,125.21,NA,NA
Acton Lake,2003-07-16,0.68,1.24,NA,80.42,13.27,5.07,NA,NA,NA,6522.2,114.5,NA,29.08
Acton Lake,2003-07-18,NA,NA,NA,65.34,10.74,2.68,NA,NA,NA,6336.25,100.92,NA,NA
Acton Lake,2003-07-21,NA,NA,NA,NA,NA,NA,NA,NA,NA,5937.32,66.32,NA,NA
Acton Lake,2003-07-22,0.53,4.37,NA,43.79,10.52,4.97,2233,405,69.3,NA,NA,NA,27.4
Acton Lake,2003-07-23,NA,NA,NA,72.4,10.33,3.25,NA,NA,NA,6224.73,78.18,NA,NA
Acton Lake,2003-07-24,NA,NA,NA,103.47,11.11,2.16,NA,NA,NA,6562.59,89.48,NA,NA
Acton Lake,2003-07-25,NA,NA,NA,54.56,11.63,3.7,NA,NA,NA,5978.04,68.72,NA,NA
Acton Lake,2003-07-28,NA,NA,NA,58.47,9.35,1.61,3145,540,60,6019.02,75,NA,NA
Acton Lake,2003-07-29,NA,0.98,NA,NA,NA,NA,NA,NA,NA,NA,NA,NA,17.81
Acton Lake,2003-07-30,NA,NA,NA,53.16,12.22,3.8,NA,NA,NA,5303.27,65.38,NA,NA
Acton Lake,2003-08-01,NA,NA,NA,60.33,10.98,2.56,NA,NA,NA,5155.38,72.9,NA,NA
Acton Lake,2003-08-04,0.6,0,NA,76.26,11.36,2.2,NA,NA,NA,5045.74,77.77,NA,8.225
Acton Lake,2003-08-14,0.65,0,NA,37.98,NA,NA,3825,563,47.9,3714.76,57.52,NA,62.03
Acton Lake,2003-08-18,0.53,0,NA,65.49,12.94,1.74,4028,697,82,3636.28,79.06,NA,108.8
Acton Lake,2003-08-25,0.43,NA,NA,85.83,13.11,0.1,5404,829,54.1,2534.15,84.52,NA,NA
Acton Lake,2003-09-03,0.63,NA,NA,66.49,8.12,0.22,2931,601,50.2,2008.67,82.7,NA,NA
Acton Lake,2003-09-09,0.48,NA,NA,134.83,17.03,0.53,6767,1103,64.2,1984.12,90.86,NA,NA
Acton Lake,2003-09-17,NA,NA,NA,98.81,10.92,0.58,4702,886,40.7,1631.08,91.63,NA,NA
Acton Lake,2003-09-23,0.53,NA,NA,110.98,11.61,1.63,4647,956,74.5,1608.67,100.61,NA,NA
Acton Lake,2003-10-07,0.63,NA,NA,61.63,9.4,1.59,3120,525,30.6,1744.19,78.33,NA,NA
Acton Lake,2003-10-17,NA,NA,NA,NA,10.14,4.18,2406,480,31.9,925.98,70.23,NA,NA
Acton Lake,2003-10-20,0.73,NA,NA,50.66,NA,NA,NA,NA,NA,NA,NA,NA,NA
Acton Lake,2004-05-05,NA,0,NA,NA,NA,NA,NA,NA,NA,NA,NA,NA,245.3
Acton Lake,2004-05-06,0.78,NA,NA,49.25,9.51,2.93,2258,426,70.4,4487.59,79.14,NA,NA
Acton Lake,2004-05-13,0.78,3.51,NA,42.79,10.27,2.55,2864,470,57.7,4976.67,53.91,NA,324.4
Acton Lake,2004-05-20,0.75,30.89,NA,55.42,12.07,4.13,2787,475,75.4,4310.91,74.91,NA,1139
Acton Lake,2004-05-26,1,34.49,NA,57.82,9.34,1.36,2964,524,60.8,6199.91,68.39,NA,225.9
Acton Lake,2004-05-27,NA,NA,NA,33.52,NA,NA,NA,NA,NA,NA,NA,NA,NA
Acton Lake,2004-06-02,0.48,21.53,NA,41.79,17.01,10.89,1973,352,94.1,7161.2,107.12,NA,198.3
Acton Lake,2004-06-09,0.95,7.64,NA,50.71,11.59,3.74,3093,474,66.5,7937.77,72.72,NA,69.53
Acton Lake,2004-06-16,0.75,3.95,NA,66.09,14.68,7.35,2757,418,85.1,8789.96,101.19,NA,52.96
Acton Lake,2004-06-23,0.6,0.9,NA,90.04,15.46,5.92,4068,617,88.8,9037.17,102.47,NA,27.32
Acton Lake,2004-06-30,0.93,0,NA,71.9,10.42,1.86,3491,555,70.9,8397.15,82.59,NA,126.5
Acton Lake,2004-07-07,0.73,0,NA,55.57,11.81,3.49,3105,495,79.2,7405.04,86.48,NA,100.9
Acton Lake,2004-07-14,0.75,0,NA,50.86,12.69,4.05,3761,563,55.2,6436.93,67.44,NA,5.38
Acton Lake,2004-07-21,0.68,0,NA,63.88,10.48,2.02,3718,594,57.2,5607.43,70.12,NA,24.62
Acton Lake,2004-07-28,0.55,0,NA,92.54,10.97,1.94,3735,701,79.9,4490.69,95.86,NA,20.1
Acton Lake,2004-08-05,0.73,0,NA,74.56,13.58,3.91,4138,697,68.3,3964.41,82.26,NA,34.46
Acton Lake,2004-08-10,0.53,0,NA,94.55,13.17,2.83,4711,755,74.9,2847.4,86.79,NA,27.83
Acton Lake,2004-08-17,0.53,0,NA,67.19,11.95,2.35,4110,603,74.6,2303.64,82.3,NA,32.53
Acton Lake,2004-08-25,0.53,0,NA,88.69,12.96,1.93,4529,790,74.4,1916.87,85.25,NA,28.94
Acton Lake,2004-09-01,0.48,0,NA,113.94,14.69,0.89,5923,908,83.6,1662.39,95.48,NA,11.28
Acton Lake,2004-09-08,0.58,0,NA,90.09,11.99,1.82,3153,563,90.2,1614.83,104.68,NA,33.73
Acton Lake,2004-09-15,0.6,0,NA,69.45,9.47,0.82,2776,502,73.7,NA,83.11,NA,28.11
Acton Lake,2004-09-22,0.6,0,NA,69.9,10.41,1.96,2724,470,88.4,NA,107.12,NA,32.99
Acton Lake,2004-09-29,0.6,0,NA,84.78,13.13,3.97,2796,538,103.8,NA,116.15,NA,58.46
Acton Lake,2004-10-06,0.6,0,NA,61.73,18.8,9.18,2596,431,122.4,NA,118.21,NA,48.75
Acton Lake,2004-10-13,0.48,0,NA,30.66,22.32,14.08,2067,326,104,NA,130.98,NA,65.15
Acton Lake,2004-10-20,0.78,0,NA,37.98,10.76,5,1388,197,76.1,NA,108.81,NA,35.32
Acton Lake,2005-04-14,0.28,0,NA,73.05,18.57,9.56,3714,527,71.6,5594.88,71.87,NA,16.81
Acton Lake,2005-04-19,0.8,0,NA,28.76,9.86,3.74,2613,315,46.8,5558.85,44.79,NA,21.39
Acton Lake,2005-04-25,0.48,0,NA,43.64,18.91,12.85,2285,332,81.5,5890.61,91.34,NA,25.26
Acton Lake,2005-04-29,NA,0,NA,NA,NA,NA,NA,NA,NA,NA,NA,NA,18.51
Acton Lake,2005-05-04,0.5,0,NA,83.68,14.41,7.65,2951,464,73.6,6104.88,73.45,NA,26.17
Acton Lake,2005-05-06,0.59,0,NA,68.49,14.52,5.07,4509,526,62.3,6732.99,60.46,NA,18.23
Acton Lake,2005-05-09,0.68,0,NA,78.36,10.96,2.49,4081,519,58.9,5783.99,54.97,NA,32.19
Acton Lake,2005-05-12,0.83,0,NA,44.84,7.46,1.66,2743,385,52.2,5975.09,44.27,NA,41.12
Acton Lake,2005-05-16,0.85,0,NA,77.41,10.52,3.93,3095,525,77.9,6079.13,74.03,NA,37.9
Acton Lake,2005-05-19,0.74,0.52,NA,65.29,10.57,4.67,2734,470,69.6,6732.69,70.62,NA,37.03
Acton Lake,2005-05-23,0.73,0.52,NA,61.58,11.67,4.81,2855,484,72.2,6806.16,74.88,NA,42.93
Acton Lake,2005-05-26,0.69,0.52,NA,109.88,12.8,3.61,3951,644,78.1,7650.98,83.32,NA,94.61
Acton Lake,2005-05-31,0.93,3.97,NA,78.01,11.44,3,3723,600,79.7,7129.69,74.22,NA,39.13
Acton Lake,2005-06-02,0.8,7.42,NA,75.01,11.41,2.86,3564,609,83,7014.48,76.58,NA,57.39
Acton Lake,2005-06-06,0.68,8.05,NA,64.19,11.66,4.19,3500,584,64.2,6304.1,68.58,NA,38.43
Acton Lake,2005-06-09,0.58,8.68,NA,63.98,12.39,4.52,3708,641,73.6,6552.13,78.45,NA,26.75
Acton Lake,2005-06-13,0.68,15.3,NA,41.44,11.97,5.52,2567,469,72.1,5432,75.93,NA,25.4
Acton Lake,2005-06-16,0.74,21.92,NA,47,11.81,5.76,2598,443,82.7,6203.4,86.8,NA,7.449
Acton Lake,2005-06-20,0.88,0.28,NA,40.18,8.77,2.21,2830,418,57.7,5686.2,57.75,NA,20.95
Acton Lake,2005-06-23,0.73,0.21,NA,53.06,11.17,4.02,2600,464,71.2,5384.5,76.01,NA,25.58
Acton Lake,2005-06-27,1.18,0.14,NA,29.31,7.09,1.49,2256,425,58.3,5329.2,71.59,NA,22.43
Acton Lake,2005-06-30,0.75,0.14,NA,35.68,7.59,1.78,2525,495,62.2,5433.9,69.94,NA,11.98
Acton Lake,2005-07-05,0.73,0.35,NA,93.9,11.23,0.72,4440,856,116.8,4629.8,124.91,NA,15.42
Acton Lake,2005-07-07,0.7,0.56,NA,41.99,7.76,2.04,2394,445,74.6,4494.7,86.05,NA,8.845
Acton Lake,2005-07-11,0.85,0.42,NA,50.36,7.72,1.45,2657,468,57.5,5586.2,69.04,NA,11.94
Acton Lake,2005-07-15,0.8,0.28,NA,54.92,7.05,2.02,2227,451,54.4,5435.1,59.06,NA,5.459
Acton Lake,2005-07-18,0.63,0.15,NA,81.77,11.24,2.21,3461,710,77,4931.1,75.13,NA,9.571
Acton Lake,2005-07-22,0.6,0.02,NA,65.44,11.48,2.8,3745,539,55.2,4426.9,56.26,NA,5.65
Acton Lake,2005-07-25,0.75,0.05,NA,59.63,9.83,2.07,3475,659,62,4155.6,62.67,NA,7.833
Acton Lake,2005-07-29,0.53,0.09,NA,69.25,11.36,2.31,3673,668,70.6,3726.1,76.73,NA,2.995
Acton Lake,2005-08-01,0.73,0.01,NA,59.32,10.11,0.65,3743,611,58,3487.5,62.23,NA,5.432
Acton Lake,2005-08-08,0.5,0,NA,81.77,10.06,0.07,4041,773,65.5,2918.7,66.56,NA,4.404
Acton Lake,2005-08-15,0.51,0,NA,109.38,12.86,0.51,5283,1024,66.5,2589.2,70.03,NA,3.526
Acton Lake,2005-08-17,NA,NA,NA,NA,NA,NA,3019,654,NA,NA,NA,NA,NA
Acton Lake,2005-08-22,0.48,0,NA,130.88,17.18,1.22,6618,1246,78.3,2278.5,89.05,NA,2.062
Acton Lake,2005-08-29,0.55,0,NA,109.68,11.07,0.1,4791,938,72.4,1699.3,90.32,NA,7.445
Acton Lake,2005-09-06,0.58,0,NA,104.67,10.92,0.1,4728,893,70.8,1390.2,86.9,NA,9.808
Acton Lake,2005-09-12,0.53,0,NA,86.13,12.61,1.01,5369,930,73.1,1478.1,83.66,NA,12.5
Acton Lake,2005-09-19,0.6,0,NA,68.69,10.04,2,3287,698,82.1,1311.8,94.56,NA,39.08
Acton Lake,2005-09-26,0.65,0,NA,72.95,9.63,0.87,3496,785,85.4,1252,90.9,NA,42.69
Acton Lake,2005-10-03,0.55,0,NA,50.36,9.44,1.54,3510,756,81.6,1238.6,90.35,NA,34.89
Acton Lake,2005-10-10,0.53,0,NA,30.92,14.21,6.64,2611,566,92.5,1340.3,103.67,NA,23.84
Acton Lake,2005-10-17,0.48,0,NA,50.86,15.37,7.78,NA,NA,91.4,1467.4,103.74,NA,26.39
Acton Lake,2006-04-20,0.63,0,NA,NA,NA,NA,NA,NA,NA,NA,NA,NA,16.77
Acton Lake,2006-04-21,NA,NA,NA,74.06,NA,NA,NA,NA,NA,NA,65,NA,NA
Acton Lake,2006-04-26,0.68,0,NA,43.74,12.33,6.24,2398,386,68.3,6185.22,70.95,NA,29.41
Acton Lake,2006-04-28,0.77,0,NA,28.76,8.08,3.45,NA,NA,NA,5947.37,51.59,NA,20.46
Acton Lake,2006-05-02,0.85,0,NA,27.21,9.03,5.49,1470,851,74.2,5861.19,53.16,NA,22.47
Acton Lake,2006-05-05,0.67,0.01,NA,102.97,16.05,5.91,NA,NA,NA,5854.87,51.09,NA,29.86
Acton Lake,2006-05-06,NA,NA,NA,NA,NA,NA,3904,594,NA,NA,NA,NA,NA
Acton Lake,2006-05-08,0.8,1.23,NA,57.77,7.97,1.79,2578,465,77.9,5534.85,49.85,NA,34.88
Acton Lake,2006-05-11,0.77,2.45,NA,70.5,8.61,1.72,NA,NA,NA,5318.17,56.6,NA,52.67
Acton Lake,2006-05-15,0.85,2.67,NA,66.64,8.61,2.17,2907,601,72.7,5488.5,73,NA,42.19
Acton Lake,2006-05-18,NA,NA,NA,NA,NA,NA,NA,NA,NA,NA,80.56,NA,NA
Acton Lake,2006-05-19,0.65,2.67,NA,76.76,9.62,2.89,NA,NA,NA,6224.86,NA,NA,37.19
Acton Lake,2006-05-22,0.6,2.89,NA,86.23,12.2,4.18,3387,664,76.1,7270.74,125.39,NA,53.55
Acton Lake,2006-05-25,0.63,2.16,NA,84.48,11.87,3.18,NA,NA,NA,8234.96,86.65,NA,131.5
Acton Lake,2006-05-30,0.7,32.36,NA,99.81,10.86,1.42,NA,NA,NA,7583.6,66.77,NA,42.26
Acton Lake,2006-06-02,0.53,62.57,NA,143.4,14.26,3.82,NA,NA,NA,7894.56,114.38,NA,76.65
Acton Lake,2006-06-05,0.48,63.44,NA,118.15,13.66,4.17,4045,795,101.3,8184.66,115.4,NA,90.5
Acton Lake,2006-06-08,0.55,64.32,NA,97.71,12.95,3.51,NA,NA,NA,8088.19,88,NA,94.79
Acton Lake,2006-06-12,0.53,35.54,NA,81.87,12.04,4.83,2868,570,91.1,8475.73,106.06,NA,75.38
Acton Lake,2006-06-15,0.55,6.76,NA,204.13,22.48,4,NA,NA,NA,9565.96,176.26,NA,34.95
Acton Lake,2006-06-19,0.68,12.54,NA,57.17,11.44,4.22,2583,506,68.5,8706.12,82.97,NA,113
Acton Lake,2006-06-22,0.83,18.32,NA,64.08,10.91,2.84,NA,NA,NA,8511.39,65.41,NA,50.5
Acton Lake,2006-06-26,0.88,10.43,NA,37.68,8.68,2.38,2697,423,52.4,8165.36,57.82,NA,28.29
Acton Lake,2006-06-29,0.6,2.54,NA,54.26,10.43,1.97,NA,NA,NA,7964.32,60.02,NA,30.05
Acton Lake,2006-07-03,0.85,1.29,NA,30.31,7.04,1.24,2718,492,64.4,7849.7,66.23,NA,50.12
Acton Lake,2006-07-06,1,0.03,NA,20.09,6.3,1.44,NA,NA,NA,6688.19,74.71,NA,92.45
Acton Lake,2006-07-10,0.85,0.09,NA,31.57,6.86,0.9,2430,415,54.4,6459.13,56.2,NA,5.503
Acton Lake,2006-07-13,0.9,0.14,NA,41.09,6.71,0.6,NA,NA,NA,5868.73,62,NA,6.687
Acton Lake,2006-07-17,0.9,0.08,NA,38.03,7.87,1.58,2677,483,59.5,5637.55,64.33,NA,5.783
Acton Lake,2006-07-20,1,0.01,NA,44.84,8.16,0.75,NA,NA,NA,5790.18,76.25,NA,3.813
Acton Lake,2006-07-24,0.78,0.06,NA,41.84,7.66,1.07,2880,582,69.5,5044.61,83.29,NA,4.538
Acton Lake,2006-07-28,NA,0.11,NA,39.73,10.7,3.94,NA,NA,NA,4215.55,100.19,NA,15.2
Acton Lake,2006-07-31,0.5,0.15,NA,82.27,10.09,1.19,3875,743,81.6,3866.76,95.65,NA,4.464
Acton Lake,2006-08-03,0.65,0.2,NA,80.37,12.13,0.52,NA,NA,NA,3707.83,92.77,NA,3.843
Acton Lake,2006-08-07,0.53,0.28,NA,71.85,11.91,0.8,4697,815,65.5,3427.56,74.85,NA,2.595
Acton Lake,2006-08-14,0.55,0.35,NA,81.62,10.53,0.1,4381,797,66,2981.09,73.53,NA,7.557
Acton Lake,2006-08-21,0.45,0.43,NA,123.46,15.9,1.42,5909,1061,78.7,2707.42,98.22,NA,2.317
Acton Lake,2006-08-28,0.6,0.09,NA,92.39,10.19,0.1,4248,827,79.2,2178.64,99.1,NA,3.394
Acton Lake,2006-09-05,0.55,0,NA,75.76,10.18,1.79,3246,635,86.8,1726.45,94.84,NA,64.15
Acton Lake,2006-09-11,0.45,0,NA,94.15,10.58,0.18,4474,813,72.7,1373.7,85.79,NA,11.19
Acton Lake,2006-09-18,0.55,0,NA,92.64,9.85,0.94,3934,811,83.9,1237.51,102.59,NA,37.55
Acton Lake,2006-09-25,0.5,0,NA,80.97,12.18,3.36,3505,796,109.3,1486.84,123.27,NA,28.74
Acton Lake,2006-10-02,0.55,0,NA,94.25,9.82,2.06,3411,692,103.7,1511.29,125.16,NA,27.28
Acton Lake,2006-10-09,0.6,0,NA,40.54,6.7,1.49,2001,445,77.4,1713.47,84.46,NA,32.44
Acton Lake,2006-10-16,0.41,0,NA,37.43,14.19,8.77,2005,369,78,2505.17,96.07,NA,29.41
Acton Lake,2006-11-30,1.05,NA,NA,NA,6.69,3.01,1526,323,62.52,NA,91.06,NA,NA
Acton Lake,2007-04-12,0.55,0,NA,55.12,13.87,8.26,NA,NA,NA,4088.73,90.27,NA,18.94
Acton Lake,2007-04-19,0.47,0,NA,68.29,15.51,9.12,NA,NA,NA,4339.84,94.34,NA,16.38
Acton Lake,2007-04-24,0.7,0,NA,41.84,11.8,5.34,2726,378,56.16,4009.06,55.62,NA,24.94
Acton Lake,2007-05-01,0.75,0,NA,55.92,11.27,5.03,2860,398,60.72,3855.98,44.96,NA,16.41
Acton Lake,2007-05-07,0.61,0.04,NA,47.65,9.22,2.18,2635,353,61.56,3457.12,52.06,NA,23.54
Acton Lake,2007-05-14,0.65,45.82,NA,62.98,9.04,0.7,3977,478,71.1,2929.89,50.09,NA,77.69
Acton Lake,2007-05-21,0.83,70.19,NA,47.8,7.26,1.73,2392,406,69.36,2942.7,77.42,NA,116.4
Acton Lake,2007-05-29,0.95,3.34,NA,59.07,8.77,1.54,2850,503,69.48,2505.06,77.04,NA,88.87
Acton Lake,2007-06-04,0.95,4.25,NA,59.68,7.49,1.21,NA,NA,74.52,2479.82,101.93,NA,50.14
Acton Lake,2007-06-11,0.85,2.21,NA,47.4,10.91,3.02,NA,NA,73.44,2259.9,74.38,NA,31.07
Acton Lake,2007-06-18,0.95,2.6,NA,35.68,6.78,0.7,NA,NA,67.68,1773.26,75.02,NA,25.1
Acton Lake,2007-06-25,0.85,0.56,NA,35.68,5.59,1.4,1741,330,71.28,1092.72,66.97,NA,76.94
Acton Lake,2007-07-02,0.75,0.45,NA,55.02,9.14,1.04,3318,463,65.88,1094.79,87.46,NA,4.139
Acton Lake,2007-07-09,0.85,0.83,NA,29.46,8.11,1.38,2935,372,72.84,945.62,80.88,NA,4.346
Acton Lake,2007-07-16,0.65,0.14,NA,62.23,9.24,0.62,3667,527,72.6,1000.19,86.94,NA,5.879
Acton Lake,2007-07-23,0.63,0.14,NA,40.59,10.39,2.59,3026,426,77.64,799.66,75.55,NA,14.12
Acton Lake,2007-07-30,0.61,0,NA,60.93,10.28,1.45,3727,569,86.64,957.11,77.1,NA,3.305
Acton Lake,2007-08-06,0.7,0,NA,48.7,9.59,0.53,3594,592,77.52,972.04,95.26,NA,1.422
Acton Lake,2007-08-13,0.7,0,NA,38.28,8.98,1.12,3319,466,95.04,875.69,74.3,NA,1.122
Acton Lake,2007-08-20,0.6,0,NA,49.15,8.78,1.65,2844,517,54.84,962.67,106.91,NA,12.23
Acton Lake,2007-08-29,0.7,0,NA,26.51,6.35,0.34,2798,387,75.12,817.71,60.49,NA,5.218
Acton Lake,2007-09-04,0.5,0,NA,49.25,8.5,0.54,3590,532,101.16,933.35,87.16,NA,5.864
Acton Lake,2007-09-12,0.6,0,NA,53.01,7.76,1.34,2858,416,85.68,1002.84,105.02,NA,34.12
Acton Lake,2007-09-19,0.6,NA,NA,62.23,10.22,0.92,NA,NA,78.9,967.27,93.74,NA,NA
Acton Lake,2007-09-20,NA,0,NA,NA,NA,NA,NA,NA,NA,NA,NA,NA,49.89
Acton Lake,2007-09-26,0.7,0,NA,50.76,9.73,2.1,3491,480,89.76,937.49,83.02,NA,24.85
Acton Lake,2007-10-01,0.6,0,NA,47.95,11.23,3.96,2655,345,82.32,965.55,102.1,NA,31.88
Acton Lake,2007-10-08,0.5,0,NA,66.29,8.37,0.47,3437,529,82.32,1192.26,94.45,NA,20.83
Acton Lake,2007-10-16,0.6,0,NA,41.79,10.29,4.04,2261,198,95.4,NA,90.77,NA,84.2
Acton Lake,2007-10-24,0.5,0,NA,54.67,16.5,9.17,2650,307,71.28,1110.37,106.01,NA,55.33
Acton Lake,2007-11-01,NA,0,NA,NA,NA,NA,NA,NA,NA,NA,NA,NA,118.4
Acton Lake,2007-11-20,NA,0,NA,59.93,6.43,0.75,2428,477,NA,NA,77.85,NA,56.47
Acton Lake,2008-04-17,0.38,0,NA,9.57,11.83,7.96,984,105,51.4,5770.1,108.1,NA,17.12
Acton Lake,2008-04-23,0.5,0,NA,110.43,29.57,14.56,7332,1014,93.6,6066.9,119.38,NA,10.16
Acton Lake,2008-04-30,0.75,0,NA,37.23,9.38,3.82,2327,350,50.3,5152.8,60.21,NA,38.91
Acton Lake,2008-05-05,0.6,1.14,NA,44.29,9.72,4.24,2234,341,54.8,5029.5,60.09,NA,39.41
Acton Lake,2008-05-11,NA,NA,NA,NA,14.73,7.79,2772,435,79.6,5774.1,89.13,NA,NA
Acton Lake,2008-05-12,0.5,10.27,NA,54.61,NA,NA,NA,NA,NA,NA,NA,NA,24.82
Acton Lake,2008-05-19,0.5,0.57,NA,81.67,11.89,4.68,3113,572,103.9,7088.1,124.4,NA,12.59
Acton Lake,2008-05-27,0.75,11.07,NA,86.13,10.2,1.06,3910,517,73.2,6569.4,78.85,NA,56.26
Acton Lake,2008-06-02,0.75,13.74,NA,68.74,10.79,3.86,3173,514,70.3,6431,93.91,NA,190.1
Acton Lake,2008-06-09,0.35,96.68,NA,7.72,NA,NA,1012,140,50.5,6327.5,237.45,NA,82.4
Acton Lake,2008-06-16,0.45,130.64,NA,119.5,17.76,8.02,3688,618,120.6,6358.4,141.12,NA,82.45
Acton Lake,2008-06-23,0.75,31.22,NA,60.08,11.25,3.69,3040,489,67.4,6581.6,139,NA,116.1
Acton Lake,2008-06-30,0.95,23.61,NA,40.38,10.23,4.94,2071,367,55.9,5967.4,72.83,NA,64.36
Acton Lake,2008-07-07,0.87,15.99,NA,NA,9.84,3.42,2515,309,44.5,5305.3,51.56,NA,35.76
Acton Lake,2008-07-14,0.65,1.07,NA,60.83,15.35,7.14,3571,647,100.5,4712.4,145.07,NA,25.48
Acton Lake,2008-07-21,1,0.79,NA,25.55,7.1,1.35,2011,383,50.2,4268.89,64.96,NA,3.773
Acton Lake,2008-07-28,0.85,0.04,NA,45.85,7.53,0.21,2990,511,55.8,3721.01,63.33,NA,10.09
Acton Lake,2008-08-04,0.85,0,NA,34.52,9.9,2.55,2915,435,56.3,3317.22,82.69,NA,20.15
Acton Lake,2008-08-11,0.75,0,NA,72,10.17,1.37,3639,648,88,2728.59,82.41,NA,5.558
Acton Lake,2008-08-18,0.62,0,NA,87.68,14.26,2.17,5209,885,82.1,2409.26,98.44,NA,11.36
Acton Lake,2008-08-27,0.6,0,NA,75.91,12.71,2.17,NA,NA,73.2,1730.9,87.39,NA,17.27
Acton Lake,2008-09-03,0.45,0,NA,66.74,13.2,2.39,NA,NA,69.6,1205.58,81.25,NA,11.25
Acton Lake,2008-09-10,0.4,0,NA,86.93,13.03,2.9,NA,NA,94.6,1266.38,94.92,NA,44.62
Acton Lake,2008-09-17,0.43,0,NA,85.63,12.54,3.04,3971,778,113.2,1445.6,123.91,NA,52.88
Acton Lake,2008-09-24,0.55,0,NA,65.19,10.15,2.58,3759,698,72.5,1043.74,103.17,NA,36.81
Acton Lake,2008-10-02,0.55,0,NA,49.1,13.77,6.66,2867,564,93.4,1312.71,120.67,NA,108.3
Acton Lake,2008-10-08,0.78,0,NA,23.95,9.91,5.21,1707,368,68,1030.74,80.03,NA,78.63
Acton Lake,2008-10-15,0.55,0,NA,63.68,8.66,1.16,3332,667,93.6,1142.02,122.64,NA,78.93
Acton Lake,2008-10-22,0.48,0,NA,77.56,20.24,11.44,3683,705,108.5,1033.73,119.1,NA,61.93
Acton Lake,2008-11-05,0.45,0,NA,89.79,18.48,6.11,5113,794,97.9,667.22,61.58,NA,74.99
Acton Lake,2009-04-28,0.65,16.5,NA,45.4,12.36,6.44,NA,NA,36.96,7754.47,48.07,NA,74.44
Acton Lake,2009-05-04,0.75,1.71,NA,66.04,10,3.1,3037,604,54.48,6507.77,76.36,NA,88.02
Acton Lake,2009-05-11,0.8,4.21,NA,103.02,11.86,3.31,3903,718,61.56,7564.99,90.85,NA,124.5
Acton Lake,2009-05-18,0.53,6.72,NA,58.47,17.57,11.06,2538,515,114.84,8911.93,156.4,NA,95.96
Acton Lake,2009-05-26,0.6,31.86,NA,116.9,11.47,2.64,4090,741,75.6,8142.64,90.74,NA,198.3
Acton Lake,2009-06-01,0.75,21.39,NA,50.56,9.19,2.67,2571,429,49.92,NA,NA,NA,221.2
Acton Lake,2009-06-08,0.75,3.88,NA,63.28,8.69,2.86,2600,479,52.32,6398.19,69.89,NA,187
Acton Lake,2009-06-12,NA,NA,NA,47.4,NA,NA,NA,NA,NA,NA,NA,NA,NA
Acton Lake,2009-06-15,1,2.01,NA,30.56,7.42,3.15,1608,302,49.56,6871.84,64.63,NA,325.3
Acton Lake,2009-06-17,NA,NA,NA,36.88,NA,NA,NA,NA,NA,NA,NA,NA,NA
Acton Lake,2009-06-22,0.9,0.58,NA,30.36,7.77,2.53,NA,NA,33.72,7597.28,67.39,NA,189.1
Acton Lake,2009-06-29,0.6,0.79,NA,120,18.92,7.72,4673,787,98.4,7388.44,143.75,NA,60.25
Acton Lake,2009-07-06,0.9,0.38,NA,51.81,10.54,4.75,2242,402,50.4,6521.02,72.57,NA,141.5
Acton Lake,2009-07-13,0.8,2.27,NA,54.87,10.81,2.85,3244,452,46.32,6758.42,65.95,NA,112.1
Acton Lake,2009-07-20,0.75,0.15,NA,18.64,8.94,3.63,NA,NA,51.12,6219.28,65.38,NA,240.5
Acton Lake,2009-07-27,0.65,0.07,NA,62.38,10.53,3,3163,487,42.72,5223.18,61.41,NA,195.6
Acton Lake,2009-08-03,0.63,0.02,NA,68.04,10.73,2.08,3756,635,52.92,4906.54,72.97,NA,162.8
Acton Lake,2009-08-10,0.65,0,NA,118.2,10.65,1.99,3820,633,53.4,3936.89,81.65,NA,60.58
Acton Lake,2009-08-17,0.6,0,NA,81.87,13.79,3.03,4795,762,56.04,3055.88,68.48,NA,38.29
Acton Lake,2009-08-24,0.5,0,NA,54.26,10.14,1.51,3617,697,57.24,3220.84,72.85,NA,59.29
Acton Lake,2009-08-31,NA,0,NA,84.33,10.27,1.51,3830,746,60.72,2224.63,102.24,NA,57.27
Acton Lake,2009-09-07,NA,NA,NA,24.95,8.08,1.81,2783,547,69.84,1856.11,79.01,NA,NA
Acton Lake,2009-09-08,0.6,0,NA,NA,NA,NA,NA,NA,NA,NA,NA,NA,71.28
Acton Lake,2009-09-14,0.65,0,NA,59.83,9.4,2.62,NA,NA,62.16,NA,90.91,NA,107.8
Acton Lake,2009-09-21,0.7,0,NA,44.64,8.13,1.69,3063,583,66.12,1955.15,93.84,NA,181.8
Acton Lake,2009-09-30,0.55,0,NA,80.27,13.85,6.11,3230,625,98.76,1708.66,111.09,NA,140
Acton Lake,2009-10-07,0.55,0,NA,60.48,14.32,7.64,2850,572,82.8,1384.29,98.9,NA,97.58
Acton Lake,2009-10-12,0.55,0,NA,92.64,15.63,7.81,3314,659,83.16,1817.8,127.65,NA,123.7
Acton Lake,2009-10-19,0.55,0,NA,105.02,18.84,11.31,3301,514,68.52,1666.63,88.03,NA,126.3
Acton Lake,2010-04-26,0.85,0.18,NA,32.58,11.17,6.22,NA,NA,44,3563.61,57.67,NA,80.96
Acton Lake,2010-05-03,0.75,7.98,NA,40.98,10.86,5.13,4302,723,59.6,3740.09,80.04,NA,142.5
Acton Lake,2010-05-10,0.55,1.37,NA,NA,15.77,7.08,5335,910,86.4,5540.62,108.05,NA,74.62
Acton Lake,2010-05-17,0.95,5.61,NA,48.25,10.8,4.6,846,127,57.5,4203.6,79.73,NA,99.62
Acton Lake,2010-05-24,1,40.86,NA,43,10.14,3.73,3334,522,57.4,4537.37,80.56,NA,68
Acton Lake,2010-06-01,0.75,11.13,NA,41.03,10.18,3.28,3744,671,55.3,4672.34,76.53,NA,61.8
Acton Lake,2010-06-07,0.8,12.25,NA,NA,13.5,5.62,NA,NA,80.8,5509.43,108.73,NA,573
Acton Lake,2010-06-14,0.75,12.99,NA,49.33,10.74,4.9,3322,672,62.3,6484.57,83.72,NA,75.67
Acton Lake,2010-06-21,NA,17.88,NA,32.5,12.27,5.96,3225,479,44.9,7700.75,41.29,NA,45.83
Acton Lake,2010-06-22,0.7,NA,NA,NA,NA,NA,NA,NA,NA,NA,NA,NA,NA
Acton Lake,2010-06-28,0.7,0.9,NA,41.95,9.97,3.27,NA,NA,50.9,6352.93,63.31,NA,67.14
Acton Lake,2010-07-06,0.75,0.78,NA,49.3,12.63,3.16,4922,727,50.3,6330.02,68.25,NA,68.33
Acton Lake,2010-07-12,0.55,0.38,NA,55.65,14.88,5.23,NA,NA,61.1,5459.58,69.46,NA,64.02
Acton Lake,2010-07-19,0.55,0.22,NA,81.55,13.91,3.19,6247,1019,65.8,4460.08,88.15,NA,31.2
Acton Lake,2010-07-26,0.4,0.23,NA,123.07,20.48,3.87,NA,NA,79.7,3396.67,116.9,NA,13.99
Acton Lake,2010-08-02,0.45,0.24,NA,87.25,15.02,2.98,NA,NA,66.8,2645.23,97.06,NA,29.21
Acton Lake,2010-08-09,0.5,0.08,NA,82.05,14.62,1.9,NA,NA,66.2,2168.02,99.25,NA,23.33
Acton Lake,2010-08-16,0.45,0,NA,74.13,12.38,1.75,NA,NA,73.6,1898.92,103.73,NA,24.56
Acton Lake,2010-08-25,0.2,0,NA,85.3,13.93,3.47,1443,163,94,1270.33,120.75,NA,16.23
Acton Lake,2010-09-01,NA,0,NA,76.5,14.55,4.53,NA,NA,90.7,1433.39,104.48,NA,25.63
Acton Lake,2010-09-08,0.5,0,NA,100.18,16.36,4.07,NA,NA,105.1,1240.6,143.75,NA,67.23
Acton Lake,2010-09-15,0.4,0,NA,62.43,17.73,6.15,NA,NA,114.5,1496.91,136.28,NA,127.6
Acton Lake,2010-09-22,0.42,0,NA,81.23,NA,NA,NA,NA,108.7,1392.17,133.98,NA,61.74
Acton Lake,2010-09-29,0.38,0,NA,75.45,17,7.88,NA,NA,117.5,1535.9,145.48,NA,106.6
Acton Lake,2010-10-04,0.5,0,NA,77.48,20.93,12.39,NA,NA,118.9,1657.43,152.95,NA,57.93
Acton Lake,2010-10-13,0.45,0,NA,102.53,15.9,5.12,NA,NA,103.1,1382.23,121.33,NA,101.9
Acton Lake,2011-04-18,NA,0,NA,38.95,29.02,22.23,2617,481,84.84,6678,165.03,NA,29.9
Acton Lake,2011-04-28,NA,0,NA,2.8,78.59,68.02,2853,303,142.44,4105.5,318.78,NA,1.365
Acton Lake,2011-05-04,NA,0,NA,1.86,65.75,55.13,2580,384,102.36,3855,309.98,NA,0.159
Acton Lake,2011-05-09,NA,0,NA,1.48,22.8,19.22,1136,142,50.52,4373.5,173.65,NA,1.359
Acton Lake,2011-05-16,NA,2.57,NA,33.38,13.42,9.8,2020,376,52.08,4811,64.77,NA,4.355
Acton Lake,2011-05-23,NA,4.06,NA,41.4,10.85,5.42,2413,430,51,4901,61.41,NA,7.987
Acton Lake,2011-05-31,0.6,4.3,NA,42,13.72,6.52,3138,509,55.68,5166.5,72.34,NA,28.59
Acton Lake,2011-06-06,0.7,14.09,NA,33.1,8.52,2.07,3039,506,42.24,5094,58.05,NA,77.01
Acton Lake,2011-06-13,NA,30.21,NA,57.08,13.32,4.08,4003,751,72.72,4694.5,84.76,NA,61.82
Acton Lake,2011-06-20,0.65,82.11,NA,53.65,10.85,4.12,3506,659,70.2,4467.5,82.46,NA,34.22
Acton Lake,2011-06-27,0.7,16.12,NA,40.08,12,6.46,2476,455,63.48,3900.49,75.5,NA,21.84
Acton Lake,2011-07-05,0.85,1.39,NA,28.05,8.48,2.8,NA,NA,48.24,3264.57,75.61,NA,22.68
Acton Lake,2011-07-11,0.65,1.1,NA,37.58,11.3,3.6,3536,545,54.36,2702.54,75.79,NA,39.45
Acton Lake,2011-07-18,NA,0.11,NA,58.85,17,3.97,5814,1059,60.72,2152.4,81.02,NA,11.63
Acton Lake,2011-07-25,0.55,0.71,NA,73.33,14.9,4.44,5249,991,70.56,1649.17,90.05,NA,7.138
Acton Lake,2011-08-01,NA,0.11,NA,62,14.87,1.85,5776,839,160.32,1206.19,73.72,NA,3.843
Acton Lake,2011-08-08,NA,0.36,NA,82.65,15.48,2.63,5603,1004,80.88,1336.32,101.83,NA,4.521
Acton Lake,2011-08-15,NA,0.26,NA,68.58,12.7,3.06,4009,942,79.44,1194.01,95.28,NA,11.04
Acton Lake,2011-08-22,0.5,0.43,NA,66.78,11.69,3.01,4178,963,82.8,1353.7,114.02,NA,11.37
Acton Lake,2011-08-29,0.55,0,NA,37.8,8.09,2.05,2500,624,72.72,1126.48,114.83,NA,14.23
Acton Lake,2011-09-06,0.65,0,NA,48.6,11.01,3.88,2849,670,82.92,1210.52,117.88,NA,32.57
Acton Lake,2011-09-12,NA,0,NA,56.08,10.55,4.15,3116,755,69,1154.02,94.99,NA,62.08
Acton Lake,2011-09-20,0.65,0,NA,51.68,31.55,18.63,2802,542,66.84,1072.66,90.16,NA,99.58
Acton Lake,2011-09-26,0.55,0,NA,55.75,15.02,8.16,2756,609,77.88,1200.7,NA,NA,96.1
Acton Lake,2011-10-03,0.45,0,NA,71.53,20.63,9.29,3966,950,109.32,1322.48,NA,NA,137.8
Acton Lake,2011-10-10,0.58,0,NA,50.2,14.29,6.1,3411,715,69.6,1446.09,NA,NA,137.6
Acton Lake,2012-04-12,0.45,0,NA,56.9,17.1,8.78,3947,603,78.06,4716.64,NA,NA,34.38
Acton Lake,2012-04-19,0.7,0.03,NA,52.75,12.93,3.89,3414,545,53.28,4269.34,85.39,NA,50.87
Acton Lake,2012-04-25,0.55,1.18,NA,67.88,14.72,7.25,3529,673,75.96,4034.45,99.36,NA,45.08
Acton Lake,2012-05-03,0.45,1.13,NA,102,23.13,10.4,5676,990,186.72,3952.33,200.1,NA,73.01
Acton Lake,2012-05-07,0.65,114.29,NA,108.78,16.06,5.27,5203,940,153.72,7298.82,188.6,NA,94.71
Acton Lake,2012-05-14,0.75,84.8,NA,54.03,21.5,10.63,2735,496,71.88,6616,89.47,NA,64.87
Acton Lake,2012-05-21,0.7,67.36,NA,82.98,10.7,3.34,3303,604,72.84,6504.71,96.66,NA,56.52
Acton Lake,2012-05-28,NA,NA,NA,86.73,12.93,2.21,6847,1380,84.84,NA,NA,NA,NA
Acton Lake,2012-05-30,0.65,38.74,NA,NA,NA,NA,NA,NA,NA,5746.31,132.54,NA,43.02
Acton Lake,2012-06-04,0.65,53.31,NA,88.7,12.8,3.57,3814,826,81.12,5000.14,117.42,NA,137.2
Acton Lake,2012-06-11,0.65,13.11,NA,88.83,13.76,4.48,5465,1030,91.32,4339.83,NA,NA,53.69
Acton Lake,2012-06-18,0.6,3.14,NA,62.88,12.45,3.14,3787,711,86.4,3507.47,120.75,NA,88.8
Acton Lake,2012-06-25,0.7,1.5,NA,47.34,13.25,2.52,4619,745,56.64,2967,101.83,NA,20.36
Acton Lake,2012-07-02,0.63,0.7,NA,80.2,13.9,5.49,4692,933,83.64,2575.62,127.08,NA,57.33
Acton Lake,2012-07-09,0.6,1.03,NA,90.35,18.03,3.74,6143,1172,108.84,1676.32,124.2,NA,13.81
Acton Lake,2012-07-16,0.43,0.27,NA,110.05,21.78,3.33,7456,1295,131.76,1876.33,145.48,NA,14.19
Acton Lake,2012-07-23,0.48,0.34,NA,96.3,17.82,3.84,7322,1225,122.76,1741.29,142.03,NA,11.18
Acton Lake,2012-07-30,0.5,0.49,NA,69.28,12.72,4.16,4309,856,112.56,1518.83,131.1,NA,30.14
Acton Lake,2012-08-06,0.43,0.07,NA,69.48,12.02,4.36,4262,880,98.16,1516.52,129.95,NA,19.54
Acton Lake,2012-08-13,0.55,0.06,NA,66.05,11.7,9.21,3917,797,112.8,1720.52,127.65,NA,21.07
Acton Lake,2012-08-22,0.5,0.02,NA,107.15,19.28,8.54,6887,1229,128.88,1966.46,162.73,NA,34.74
Acton Lake,2012-08-28,0.45,0,NA,75,17.33,4.36,6176,1039,121.44,1792.08,146.05,NA,9.362
Acton Lake,2012-09-05,0.55,0,NA,99.1,13.78,3.22,4894,938,117.96,1737.84,124.78,NA,15.12
Acton Lake,2012-09-12,0.4,0,NA,85.5,15.21,6.19,4750,930,111.36,1412.92,132.83,NA,75.86
Acton Lake,2012-09-19,0.5,0,NA,72.9,12.45,4.87,3933,794,119.4,1500.4,145.48,NA,63.62
Acton Lake,2012-09-26,0.45,0,NA,58.5,12.82,6.55,3429,664,105.24,1545.32,144.9,NA,33.22
Acton Lake,2012-10-03,0.55,0,NA,45.53,14.24,8.56,3240,450,115.2,1464.33,136.85,NA,37.71
Acton Lake,2012-10-09,0.4,0,NA,39.15,16.49,10.53,2733,483,109.92,NA,111.49,NA,49.01
Acton Lake,2012-10-10,NA,NA,NA,NA,NA,NA,NA,NA,NA,1379.56,NA,NA,NA
Acton Lake,2013-04-15,0.85,0,3.5,20.23,9.95,6.07,2435,308,44.52,8206.59,46.03,8,32.44
Acton Lake,2013-04-22,0.65,0,3,17.03,11.58,7.62,1634,243,58.2,7305.58,59.1,8,53.09
Acton Lake,2013-04-29,0.73,0,2.5,53.05,10.36,3.5,3103,620,87.72,7696.79,66.71,7,32.21
Acton Lake,2013-05-06,0.8,0.63,3.25,45.65,9.91,3.81,2449,477,50.28,7685.1,55.24,7,90.31
Acton Lake,2013-05-13,0.85,5.66,2.5,50.08,11.71,4.62,3053,622,54.9,7069.16,61.82,8,83.56
Acton Lake,2013-05-20,0.5,43.14,2,56.98,15.11,7.38,3122,594,90.12,7473.38,89.54,7,224.2
Acton Lake,2013-05-28,0.63,41.67,2.25,60.63,12.69,4.22,3327,597,82.02,7140.82,69.97,7.5,119.1
Acton Lake,2013-06-03,0.65,114.18,2.75,67.43,14.58,3.88,4366,767,79.68,6731.92,99.05,7,137.9
Acton Lake,2013-06-10,0.75,13.66,2.25,NA,14.19,4.47,NA,NA,NA,NA,NA,7,165.3
Acton Lake,2013-06-11,NA,NA,NA,60.88,NA,NA,3717,564,70.68,5995.9,82.2,NA,NA
Acton Lake,2013-06-17,1,15.79,2.75,28.58,7.46,1.32,2797,564,53.76,5419.64,78.13,7,39.83
Acton Lake,2013-06-24,0.95,11.07,3.5,25.23,7.42,2.23,2186,343,60,5292.88,64.27,7,96.09
Acton Lake,2013-07-01,0.85,1.03,2,34.68,7.46,2.18,2542,398,47.1,4444.18,60.46,7,140.1
Acton Lake,2013-07-08,0.65,1.34,3.25,52.53,10.39,3.47,3225,485,47.76,3991.82,56.75,8,74.13
Acton Lake,2013-07-15,0.5,1.04,2.25,51.6,12.85,3.28,4530,718,57.6,3560.19,70.52,8,81.54
Acton Lake,2013-07-22,0.55,0.1,3.5,59.23,12.2,3.18,4112,753,67.92,3215,98.64,7,56.46
Acton Lake,2013-07-29,0.55,0.08,1.75,95.85,17.78,3.32,6628,971,94.44,2515,113.24,7,67.9
Acton Lake,2013-08-05,0.45,0.31,1.75,115,17.8,1.82,6770,1110,77.88,2076.67,101.21,7,46.49
Acton Lake,2013-08-12,0.55,0,2.25,54.4,13.71,1.83,5136,925,58.92,1770,72.97,7.5,39.08
Acton Lake,2013-08-19,0.65,0,2.5,49.3,11.48,1.17,4071,663,69.12,1285,79.45,NA,34.32
Acton Lake,2013-08-26,0.5,0,2.25,48.6,15.39,2.12,5659,841,69.36,1110,84.59,7.5,28.85
Acton Lake,2013-09-03,0.55,0,2.25,58.73,12.27,1.98,4055,734,81.36,1130,98.91,7,17.43
Acton Lake,2013-09-09,0.5,0,1.75,45,12.15,2.48,4548,817,92.76,1060,107.56,7,9.55
Acton Lake,2013-09-16,0.55,0,1.25,40.33,8.39,2.04,3055,561,72.12,NA,NA,7,35.52
Acton Lake,2013-09-23,0.6,0,1.75,57.85,11.08,2.25,3916,756,105,1205,129.99,6.5,83.56
Acton Lake,2013-09-30,0.65,0,2.25,65.08,11.88,2.78,NA,NA,91.08,NA,NA,7,88.06
Acton Lake,2013-10-07,0.55,0,2.75,35.63,9.65,4.39,2497,408,81,1280,102.16,7,53.66
Acton Lake,2013-10-14,0.55,0,1.25,96.5,14.52,3.87,4836,962,102.72,NA,NA,7,41.99
Acton Lake,2014-04-28,0.55,0,1.75,59.5,17.8,10.87,3631,491,54.72,5508.88,67.39,8,100.5
Acton Lake,2014-05-05,0.53,0,1.75,39.63,17.45,11.58,2844,448,59.4,5283.82,71.36,8,33.52
Acton Lake,2014-05-12,0.8,0.09,2.75,27.76,12.6,5.69,2404,452,39.12,4587.01,54.51,8,88.88
Acton Lake,2014-05-19,0.55,24.48,1.75,91.48,15.98,5.82,5369,1016,91.68,6228.16,121.9,8,26.07
Acton Lake,2014-05-28,0.65,84.46,2.5,60.2,14.92,4.07,4506,800,59.64,6174.71,74.52,7,75.94
Acton Lake,2014-06-02,0.55,72.72,1.75,66.7,18.44,7.09,4745,840,69.36,6067.35,80.96,8,71.06
Acton Lake,2014-06-09,0.65,52.85,1.75,94,20.71,9.57,5040,963,85.26,5758.13,101.83,8,32.77
Acton Lake,2014-06-16,0.6,33.71,2.5,55.98,13.47,5.44,3352,590,56.28,4846.4,69.23,8,55.95
Acton Lake,2014-06-23,0.55,21.76,2,57.53,12.74,4.69,3584,597,61.92,5437.74,84.24,7.5,15.81
Acton Lake,2014-06-30,0.6,3.51,2.5,75.38,12.55,3.83,4095,761,70.8,6091.13,96.03,8,17.35
Acton Lake,2014-07-06,0.5,2.25,2.25,NA,NA,NA,NA,NA,NA,NA,NA,8,39.14
Acton Lake,2014-07-07,NA,NA,NA,57.7,12.06,2.72,3571,663,52.2,5378.51,68.54,NA,NA
Acton Lake,2014-07-14,0.55,3.69,2,89.18,17.13,3.82,5566,975,65.28,4269.29,82.46,7,20.13
Acton Lake,2014-07-21,0.4,0.58,2.25,68.23,16.88,4.73,4928,808,59.4,3495.8,76.76,7.5,21.64
Acton Lake,2014-07-28,0.45,0.55,2.25,59.16,12.84,5.49,5893,1090,66.96,2749.85,80.67,7.5,38.17
Acton Lake,2014-08-04,0.65,0.05,2.25,71.13,14.31,3.02,2838,557,81.36,2767.33,102.7,7.5,20.33
Acton Lake,2014-08-11,0.55,0.11,2.25,62.8,9.21,1.81,3623,765,68.88,2098.23,86.37,7,70.77
Acton Lake,2014-08-18,0.65,0.02,1.25,92.35,16.67,6.58,4887,901,80.64,1736.69,99.65,7,21.84
Acton Lake,2014-08-25,0.55,0.04,1.75,101.52,15.79,1.84,4839,832,75.84,437.26,100.47,6,22.2
Acton Lake,2014-09-02,0.45,30,1.75,73.05,14.75,3.69,5114,952,99.6,1290.99,114.04,7,11.76
Acton Lake,2014-09-08,0.4,0.02,1.25,52.78,11.33,3.55,3339,717,86.46,1220.88,106.72,7,77.94
Acton Lake,2014-09-16,0.5,0,1.75,67.08,14.5,6.63,3979,709,102,1423.27,106.72,7,83.1
Acton Lake,2014-09-22,0.45,0,1.75,99.25,17.55,7.91,4542,795,97.44,1571.82,125.35,7,57.83
Acton Lake,2014-09-30,0.65,0,1.25,56.68,9.67,1.47,3959,756,84,1414.07,115.29,7,55.89
Acton Lake,2014-10-06,0.55,0,1.75,34.7,13.79,7.48,4710,745,83.4,1358.84,90.56,7,51.57
Acton Lake,2014-10-13,0.45,0,0.75,42.2,13.67,10.14,2589,401,81.6,1528.04,87.06,7,58.55
Acton Lake,2015-04-27,0.55,NA,2.5,61.6,13.4,6.37,NA,NA,NA,3173.45,79.98,7,NA
Acton Lake,2015-05-05,0.65,NA,3.25,34.75,11.49,4.92,NA,NA,NA,3105.61,50.65,8,NA
Acton Lake,2015-05-11,0.55,NA,3.25,38.63,11.45,4.42,NA,NA,NA,2798.5,41.29,8,NA
Acton Lake,2015-05-18,0.65,NA,2.75,61.78,13.22,4.63,NA,NA,NA,2444.97,55.62,8,NA
Acton Lake,2015-05-26,0.75,NA,3.25,29.85,10.69,4.81,NA,NA,NA,2205.71,53.44,8,NA
Acton Lake,2015-06-01,0.75,NA,1.25,59.98,10.89,4.34,NA,NA,NA,2055.73,56.01,7,NA
Acton Lake,2015-06-08,0.75,NA,2.75,53,9.67,3,NA,NA,NA,1798.62,45.21,7,NA
Acton Lake,2015-06-15,0.85,NA,3.25,31.9,7.39,1.21,NA,NA,NA,1452.23,62.68,8,NA
Acton Lake,2015-06-22,0.55,NA,2.25,53.33,15.31,5.32,NA,NA,NA,3841.23,95.27,8,NA
Acton Lake,2015-06-29,0.4,NA,1.25,15.63,18.48,13.82,NA,NA,NA,3987.64,140.06,8,NA
Acton Lake,2015-07-06,0.45,NA,2.25,78.3,16.57,5.9,NA,NA,NA,3609.12,87.95,7,NA
Acton Lake,2015-07-13,0.35,NA,1.75,115.55,20.91,5.94,NA,NA,NA,3801.95,96.18,7,NA
Acton Lake,2015-07-20,0.65,NA,1.75,142.63,18.35,3.56,NA,NA,NA,3734.1,105.16,7,NA
Acton Lake,2015-07-27,0.65,NA,2.75,49.93,11.94,4.25,NA,NA,NA,3119.89,59.15,7,NA
Acton Lake,2015-08-03,0.55,NA,2.25,62.7,17.26,4.44,NA,NA,NA,2634.23,76.36,7,NA
Acton Lake,2015-08-10,0.55,NA,1.75,73.05,13.5,2.67,NA,NA,NA,2237.85,75.49,7,NA
Acton Lake,2015-08-17,0.6,NA,2.75,57.58,11.02,1.99,NA,NA,NA,1870.04,80.72,7,NA
Acton Lake,2015-08-24,0.45,NA,2,67.85,12.2,2.96,NA,NA,NA,1645.07,83.16,7,NA
Acton Lake,2015-08-31,0.55,NA,2.25,77.43,13.28,3.53,NA,NA,NA,1330.82,98.67,7,NA
Acton Lake,2015-09-08,0.55,NA,2.25,69.4,11.85,2.98,NA,NA,NA,766.6,81.81,7,NA
Acton Lake,2015-09-14,0.45,NA,1.75,89.4,13.4,3.32,NA,NA,NA,984.43,110.87,7,NA
Acton Lake,2015-09-21,0.45,NA,1.75,84.6,12.44,3.11,NA,NA,NA,884.44,120.89,7,NA
Acton Lake,2015-09-28,0.4,NA,2,81.13,12.26,3.66,NA,NA,NA,934.44,110.87,7,NA
Acton Lake,2015-10-05,0.45,NA,1.25,52.43,10.8,3.19,NA,NA,NA,695.18,99.97,7,NA
Acton Lake,2015-10-12,0.4,NA,2.25,51.38,11.34,4.09,NA,NA,NA,877.3,70,7,NA
Acton Lake,2016-04-20,0.65,NA,2.25,58.73,15.04,7.99,NA,NA,NA,7592.15,NA,8,NA
Acton Lake,2016-04-25,0.75,NA,3,9.9,8.93,4.12,NA,NA,NA,6840.48,NA,8,NA
Acton Lake,2016-05-02,0.65,NA,2.25,30.68,11.74,5.73,NA,NA,NA,6325.45,NA,7,NA
Acton Lake,2016-05-09,0.7,NA,3.25,31.63,7.91,4.12,NA,NA,NA,7285.91,NA,7,NA
Acton Lake,2016-05-16,0.75,NA,2.75,33.08,10.92,6.06,NA,NA,NA,6687.36,NA,7,NA
Acton Lake,2016-05-23,0.55,NA,2.75,40.78,9.83,5.13,NA,NA,NA,6130.57,NA,7,NA
Acton Lake,2016-05-31,0.75,NA,2.75,28.98,7.71,2.66,NA,NA,NA,5545.94,NA,7,NA
Acton Lake,2016-06-06,0.55,NA,3.25,62.5,11.66,4.11,NA,NA,NA,4989.14,NA,7,NA
Acton Lake,2016-06-13,0.63,NA,2.25,69.28,13.45,4.6,NA,NA,NA,4153.95,NA,7,NA
Acton Lake,2016-06-20,0.55,NA,2.75,41,10.21,4.02,NA,NA,NA,3416.2,NA,7,NA
Acton Lake,2016-06-27,0.65,NA,2.75,41.2,10.26,3.02,NA,NA,NA,2873.33,NA,7,NA
Acton Lake,2016-07-05,0.6,NA,2.75,43.18,9.46,4.63,NA,NA,NA,1809.32,NA,7,NA
Acton Lake,2016-07-11,0.5,NA,2.25,60.18,15.57,5.81,NA,NA,NA,1341.86,NA,7,NA
Acton Lake,2016-07-18,0.45,NA,2.25,66.33,13.3,4.65,NA,NA,NA,1014.02,NA,7,NA
Acton Lake,2016-07-25,0.55,NA,2.75,47.95,12.2,2.64,NA,NA,NA,812.28,NA,7,NA
Acton Lake,2016-08-01,0.55,NA,2.75,41.63,11.25,3.26,NA,NA,NA,765.53,NA,7,NA
Acton Lake,2016-08-08,0.55,NA,2.75,32.43,9.65,2.74,NA,NA,NA,757.53,NA,7,NA
Acton Lake,2016-08-15,0.6,NA,2.25,46,10.12,4.1,NA,NA,NA,678.8,NA,7,NA
Acton Lake,2016-08-22,0.55,NA,1.75,53.05,11.97,4.52,NA,NA,NA,847.34,NA,7,NA
Acton Lake,2016-08-29,0.55,NA,2.75,49.45,11.07,3.38,NA,NA,NA,702.18,NA,7,NA
Acton Lake,2016-09-06,0.45,NA,1.75,73.03,12.99,3.32,NA,NA,NA,765.53,NA,7,NA
Acton Lake,2016-09-12,0.5,NA,1.75,65.7,12.18,3.58,NA,NA,NA,1614.98,NA,7,NA
Acton Lake,2016-09-19,0.5,NA,2.25,64.1,10.84,4.1,NA,NA,NA,1438.2,NA,7,NA
Acton Lake,2016-09-26,0.5,NA,2.25,36.53,12.19,5.25,NA,NA,NA,1531.46,NA,7,NA
Acton Lake,2016-10-03,0.5,NA,2.25,30.1,10.93,5.95,NA,NA,NA,2001.95,NA,7,NA
Acton Lake,2016-10-10,0.45,NA,1.75,61.15,17.61,11.89,NA,NA,NA,1713.81,NA,7,NA
Acton Lake,2016-10-17,0.75,NA,2.25,33.7,11.17,6.94,NA,NA,NA,1620.55,NA,7,NA
